Date,Open,High,Low,Volume,Adj Close,Close
2006-12-20,6.416667,6.493333,6.371667,30659400,5.84933,6.376667
2015-02-18,5.5875,5.5975,5.52,17094800,5.310316,5.53
2009-08-24,3.4625,3.5,3.365,46145600,3.105068,3.385
2023-09-18,427.480011,442.420013,420.0,50027100,439.600708,439.660004
2011-08-15,3.2525,3.35,3.235,86415200,3.066083,3.3425
2020-12-14,130.880005,133.887497,130.774994,27015600,132.781998,133.087494
2012-01-10,3.69,3.6925,3.595,54632800,3.320634,3.62
2003-10-27,1.433333,1.45,1.423333,25446000,1.3148,1.433333
2004-03-23,1.858333,1.878333,1.82,57603600,1.6886,1.840833
2003-08-19,1.416667,1.5,1.415833,140397600,1.36831,1.491667
2001-09-20,2.488333,2.579167,2.333333,147069600,2.207641,2.406667
2012-09-19,3.395,3.475,3.355,45193600,3.144053,3.4275
2018-08-20,60.794998,63.299999,59.68,85438800,61.380814,61.959999
2008-03-03,5.34,5.3775,5.215,44902800,4.847943,5.285
2018-06-13,65.660004,66.417503,65.5075,33820800,64.986801,65.599998
2017-10-24,49.247501,49.6875,48.985001,40724400,49.110626,49.669998
2007-06-13,6.116667,6.196667,6.038333,58723200,5.682689,6.195
2007-07-17,7.815,7.971667,7.743333,64381200,7.109093,7.75
2019-11-18,50.9725,53.337502,50.942501,57458800,52.821976,53.07
2012-05-14,3.275,3.3325,3.2075,43747200,3.011045,3.2825
2019-07-05,40.099998,40.145,39.419998,39655200,39.83086,40.057499
2021-08-10,203.220001,204.300003,198.350006,17923800,199.016602,199.360001
2020-11-20,134.539993,134.945007,130.649994,34108800,130.538513,130.877502
2004-04-19,1.965833,1.979167,1.93,52280400,1.802499,1.965
2006-07-28,3.511667,3.785,3.491667,81529800,3.465873,3.778333
2004-08-24,1.066667,1.071667,0.9925,93942000,0.928769,1.0125
2024-02-02,639.73999,666.0,636.900024,47578000,661.56897,661.599976
2011-09-19,3.8,3.8275,3.6875,96820400,3.471989,3.785
2011-05-02,5.105,5.1075,4.9075,61382400,4.524592,4.9325
2015-07-24,4.9475,4.9525,4.835,18884400,4.701745,4.855
2011-05-24,4.54,4.7175,4.5275,72037200,4.159966,4.535
2015-04-27,5.525,5.6475,5.4775,24845600,5.350042,5.55
2011-09-07,3.5625,3.66,3.465,160662000,3.267889,3.5625
2001-11-12,4.416667,4.665833,4.281667,145863600,4.176016,4.5525
2020-12-04,134.485001,135.600006,133.887497,20224400,135.271271,135.582504
2014-02-19,4.475,4.575,4.455,45034000,4.278282,4.535
2007-01-05,5.843333,5.866667,5.57,124334400,5.146065,5.61
2018-04-03,56.950001,57.587502,55.337502,66743200,55.776379,56.337502
2013-01-25,3.0525,3.105,3.0375,39392000,2.864291,3.1025
2003-08-04,1.641667,1.735,1.631667,142885200,1.564,1.705
2017-10-16,48.950001,49.512501,48.310001,57664000,48.925236,49.482498
2015-01-13,4.96,5.06,4.88,23672000,4.719747,4.915
2008-07-08,3.045,3.12,2.95,180528800,2.758787,3.0075
2004-10-25,1.0975,1.135833,1.095,52916400,1.019735,1.111667
2002-03-18,4.4775,4.574167,4.3475,123699600,4.033835,4.3975
2007-12-24,8.855,8.9875,8.79,10400800,8.205264,8.945
2022-06-23,165.190002,165.850006,158.529999,46368000,162.080811,162.25
2013-11-15,4.07,4.075,4.0025,45033200,3.793118,4.0425
2004-03-24,1.8375,1.954167,1.833333,78734400,1.764278,1.923333
2005-12-08,2.994167,3.033333,2.951667,38666400,2.73891,2.985833
2015-12-16,8.26,8.32,8.1875,23635600,8.095148,8.2925
2009-03-23,2.4575,2.56,2.4025,81604800,2.343707,2.555
2014-03-31,4.4825,4.5225,4.4525,27340400,4.243109,4.4775
2005-02-07,2.151667,2.191667,2.104167,52162800,1.947738,2.123333
2022-10-11,115.610001,118.459999,112.830002,66748200,115.77356,115.860001
2012-04-04,3.7125,3.76,3.64,49589600,3.359619,3.6625
2000-12-08,1.861979,2.083333,1.688151,85339200,1.901492,2.072917
2003-11-12,1.756667,1.791667,1.748333,61766400,1.638149,1.785833
2005-09-16,2.7925,2.8075,2.748333,51982800,2.541691,2.770833
2005-03-07,2.3075,2.369167,2.291667,51117600,2.128905,2.320833
2009-08-04,3.2625,3.4,3.2575,69538000,3.066083,3.3425
2001-06-12,3.83125,4.102083,3.822917,110272800,3.70934,4.04375
2021-04-26,151.850006,154.789993,151.25,19779600,154.478027,154.779999
2019-11-04,51.462502,52.75,51.23,37671600,52.379055,52.625
2011-10-04,2.88,3.225,2.8675,136154800,2.958299,3.225
2020-03-05,69.125,70.800003,67.875,54032800,68.094086,68.322502
2016-01-27,7.165,7.1875,6.955,23170000,6.921265,7.09
2022-02-03,244.580002,250.770004,237.800003,41017800,239.138962,239.479996
2006-02-16,3.818333,3.941667,3.7925,130588800,3.608054,3.933333
2006-01-13,3.565833,3.595,3.4925,42129600,3.249543,3.5425
2006-11-01,5.735,5.788333,5.283333,117654000,4.919797,5.363333
2017-05-02,26.387501,26.4,25.639999,62997200,25.529264,25.870001
2000-11-01,2.526042,2.625,2.4375,30453600,2.374475,2.588542
2002-01-15,5.1875,5.448333,5.181667,183880800,4.994711,5.445
2014-05-20,4.615,4.6275,4.5375,25620000,4.341193,4.56
2023-06-29,415.579987,416.0,406.0,38051400,408.131348,408.220001
2016-12-06,23.0525,23.432501,22.8925,49879600,23.010956,23.3475
2017-01-31,27.237499,27.512501,27.049999,36275600,26.901548,27.295
2021-01-08,133.625,134.210007,130.419998,29252800,132.462738,132.767502
2006-10-26,5.48,5.658333,5.48,36669000,5.173585,5.64
2003-03-25,1.139167,1.185833,1.135,67282800,1.071715,1.168333
2021-03-11,129.5,130.462494,127.345001,29991600,129.681458,129.934998
2020-08-19,122.964996,123.150002,120.980003,62262400,121.034386,121.385002
2022-12-13,185.309998,187.899994,177.110001,65658900,180.631378,180.720001
2019-03-29,44.985001,45.134998,44.477501,45689600,44.585133,44.889999
2006-02-01,3.679167,3.764167,3.665,45085200,3.439119,3.749167
2014-05-13,4.5825,4.6575,4.555,22110400,4.330765,4.57
2020-02-13,67.552498,68.370003,67.277496,52801600,67.428337,67.695
2010-01-11,4.6625,4.6825,4.5075,55661200,4.194366,4.5725
2008-10-31,2.09,2.2325,2.085,60867200,2.008891,2.19
2004-06-29,1.683333,1.733333,1.676667,36385200,1.587697,1.730833
2013-01-24,3.0225,3.06,3.0075,39698000,2.813514,3.0475
2018-05-11,63.195,64.947502,62.634998,121445600,62.998718,63.6325
2014-06-04,4.7025,4.755,4.7,16123600,4.493515,4.72
2012-06-11,3.1275,3.1825,3.0575,83908000,2.811532,3.065
2020-06-19,92.425003,94.449997,92.272499,52416000,92.344978,92.612503
2016-12-22,26.705,27.217501,26.6325,71861200,26.391512,26.7775
2012-04-27,3.2675,3.2875,3.21,47535600,2.976646,3.245
2018-11-01,53.075001,54.622501,51.797501,56652800,54.047337,54.5275
2018-03-22,61.5,61.970001,60.084999,55119600,59.860294,60.462502
2022-03-03,242.619995,243.259995,234.690002,36509500,236.842621,237.139999
2004-09-22,1.221667,1.251667,1.190833,62592000,1.097705,1.196667
2020-01-07,59.549999,60.442501,59.0975,31485600,59.746223,59.982498
2009-03-04,2.0225,2.175,2.005,110866800,1.940094,2.115
2000-07-11,2.515625,2.885417,2.486979,75530400,2.527359,2.755208
2011-09-28,3.4675,3.555,3.3,123653200,3.077548,3.355
2005-12-14,3.089167,3.104167,3.046667,28747200,2.828348,3.083333
2017-09-22,45.075001,45.577499,44.650002,49123200,44.246037,44.75
2001-06-20,3.529583,3.791667,3.45625,175920000,3.440265,3.750417
2004-11-26,1.645833,1.67,1.631667,35076000,1.518135,1.655
2009-05-01,2.8625,2.985,2.86,84054800,2.67623,2.9175
2010-07-08,2.675,2.6775,2.545,78327200,2.364347,2.5775
2020-06-02,87.962502,88.372498,86.580002,39132000,87.95742,88.252502
2001-10-24,3.65,3.890833,3.608333,121214400,3.560661,3.881667
2020-10-02,132.25,135.195007,130.509995,55249600,130.284164,130.622498
2007-02-07,5.631667,5.818333,5.598333,76105800,5.324939,5.805
2003-01-16,0.983333,0.995833,0.9175,203997600,0.853855,0.930833
2022-06-01,187.240005,190.529999,181.220001,54451400,182.970245,183.199997
2013-09-24,3.9125,3.94,3.89,22973200,3.682866,3.925
2006-09-01,4.78,4.818333,4.63,60574200,4.263925,4.648333
2010-02-11,4.1575,4.325,4.1275,69598000,3.926054,4.28
2005-02-28,2.391667,2.416667,2.370833,75806400,2.216049,2.415833
2014-09-08,4.9875,4.9975,4.9275,31928800,4.730934,4.9475
2004-10-28,1.224167,1.25,1.215833,56155200,1.125988,1.2275
2001-12-24,5.379167,5.543333,5.376667,26530800,5.059685,5.515833
2005-06-17,2.275,2.279167,2.236667,45634800,2.05705,2.2425
2019-12-24,59.549999,59.827499,59.205002,13886400,59.420013,59.654999
2023-07-25,449.410004,461.829987,449.230011,34808100,456.690796,456.790009
2007-09-20,8.595,8.6875,8.445,32417200,7.833762,8.54
2011-12-06,3.8925,3.9,3.775,57383200,3.499508,3.815
2010-02-22,4.1625,4.225,4.125,45808400,3.809097,4.1525
2011-10-25,3.7025,3.7325,3.605,57799600,3.313755,3.6125
2018-10-05,69.572502,70.199997,66.885002,42663600,66.870903,67.464996
2005-05-10,1.941667,1.9425,1.868333,73512000,1.733701,1.89
2018-10-03,72.330002,72.404999,70.6325,32055200,71.051285,71.682503
2001-11-20,4.299167,4.374167,4.110833,93788400,3.814448,4.158333
2009-11-02,2.985,3.0825,2.9325,59313600,2.76796,3.0175
2006-02-27,3.834167,3.983333,3.794167,66646800,3.631752,3.959167
2012-04-13,3.6375,3.6575,3.5375,31132400,3.24725,3.54
2008-08-19,3.2375,3.375,3.2375,101414000,3.077548,3.355
2023-07-31,467.540009,471.299988,465.059998,25105500,467.188538,467.290009
2016-09-26,16.0525,16.15,15.8825,23004000,15.829439,16.084999
2008-05-08,5.545,5.5625,5.2525,136000000,5.033695,5.4875
2023-05-31,394.880005,402.950012,378.220001,100258000,378.218689,378.339996
2013-10-22,3.9625,3.965,3.9075,17945200,3.699286,3.9425
2016-12-08,23.797501,24.155001,23.262501,38154400,23.033129,23.370001
2022-01-31,231.820007,245.089996,230.520004,56468000,244.511292,244.860001
2022-02-07,243.720001,251.820007,242.020004,37686800,246.927856,247.279999
2021-05-26,157.342499,157.9375,155.862503,37044000,156.693665,157.0
2004-11-23,1.611667,1.649167,1.598333,67689600,1.496732,1.631667
2005-10-25,2.715833,2.76,2.704167,33468000,2.524112,2.751667
2019-09-18,45.197498,45.355,44.125,25815200,44.784718,44.994999
2001-06-05,3.702083,3.939583,3.695833,98716800,3.578243,3.900833
2007-10-31,8.7575,8.85,8.485,45518800,8.113537,8.845
2015-02-11,5.25,5.25,5.1675,32083200,4.995825,5.2025
2005-03-31,2.013333,2.0275,1.970833,51831600,1.816258,1.98
2011-01-27,6.2225,6.2375,6.0,65739600,5.611597,6.1175
2005-11-30,2.935833,3.0275,2.935,57544800,2.763372,3.0125
2021-05-28,155.009995,162.774994,155.009995,64453600,162.128082,162.445007
2007-07-05,7.185,7.283333,7.15,37329000,6.659614,7.26
2023-01-13,162.779999,169.220001,161.649994,44728700,168.907135,168.990005
2007-11-23,7.48,7.5875,7.385,14197600,6.930218,7.555
2023-11-13,483.200012,491.160004,480.98999,38413600,486.13446,486.200012
2019-01-30,33.6675,34.4925,32.865002,97422800,34.079105,34.3475
2005-12-06,2.9975,3.045833,2.993333,37525200,2.756493,3.005
2007-02-16,5.601667,5.608333,5.436667,91506000,5.002353,5.453333
2001-08-20,3.468333,3.50375,3.36,118332000,3.179599,3.46625
2023-03-02,224.880005,233.800003,224.320007,38941500,233.025665,233.139999
2006-02-28,3.941667,3.975,3.889167,56331600,3.602705,3.9275
2009-05-12,2.41,2.41,2.2,120138400,2.059343,2.245
2017-03-24,27.2425,27.3225,26.605,43950000,26.513632,26.8675
2005-12-05,3.055833,3.055833,2.9825,38770800,2.745027,2.9925
2004-12-02,1.618333,1.668333,1.605833,75865200,1.518899,1.655833
2021-04-16,160.529999,161.657501,158.652496,33520800,158.814514,159.125
2014-04-01,4.62,4.7175,4.565,65627200,4.418425,4.6625
2016-09-28,16.66,16.7075,16.4825,31978800,16.429754,16.695
2005-06-09,2.245833,2.359167,2.243333,61990800,2.163303,2.358333
2010-02-26,4.08,4.11,4.025,39339600,3.715074,4.05
2022-11-09,141.619995,142.110001,137.589996,45441400,137.657242,137.759995
2014-03-20,4.615,4.6825,4.595,19180000,4.399471,4.6425
2018-09-18,68.522499,69.559998,67.6875,29952000,67.158348,67.754997
2021-04-06,139.997498,140.542496,137.735001,19174400,138.344528,138.615005
2011-01-06,4.355,4.835,4.3425,349331200,4.432863,4.8325
2005-04-12,1.91,1.9425,1.8675,51223200,1.778802,1.939167
2012-05-23,3.0025,3.115,2.9575,49600000,2.852809,3.11
2021-12-20,273.049988,281.440002,271.450012,46184700,276.795227,277.190002
2010-05-04,3.825,3.8325,3.6325,131137600,3.382552,3.6875
2008-07-18,2.82,2.9075,2.74,89972000,2.651003,2.89
2005-09-21,2.774167,2.829167,2.736667,62565600,2.532518,2.760833
2018-09-07,67.25,69.232498,66.797501,29542000,67.366501,67.964996
2004-05-18,1.78,1.813333,1.773333,20442000,1.644264,1.7925
2013-08-05,3.68,3.72,3.66,18518800,3.461332,3.7075
2008-11-10,2.2625,2.275,1.9925,57639600,1.871297,2.04
2006-12-05,6.098333,6.135,6.031667,66335400,5.595545,6.1
2019-03-20,44.220001,44.7575,43.25,71914800,43.303898,43.599998
2004-12-01,1.608333,1.634167,1.596667,51457200,1.499025,1.634167
2022-09-06,137.309998,137.789993,133.509995,53575100,134.509583,134.649994
2011-02-18,6.385,6.4875,6.3075,139441200,5.877614,6.4075
2019-06-13,36.772499,37.25,36.595001,30808000,36.855289,37.064999
2020-08-17,118.512497,124.097504,118.172501,62130000,123.013641,123.370003
2023-06-22,422.529999,434.26001,422.339996,41773700,430.156586,430.25
2000-12-28,1.434896,1.541667,1.411458,41923200,1.378342,1.502604
2023-01-04,145.669998,148.529999,142.410004,43132400,147.417679,147.490005
2011-01-03,3.88,3.9925,3.875,81744800,3.62793,3.955
2004-01-02,1.964167,1.990833,1.923333,43641600,1.764278,1.923333
2020-05-08,76.9375,78.1875,76.597504,33921600,77.863792,78.125
2021-05-14,138.899994,143.279999,137.485001,25861600,142.152084,142.429993
2019-02-08,36.177502,37.150002,36.032501,46160400,36.753052,37.0425
2017-05-09,25.75,26.2325,25.665001,84767200,25.396053,25.735001
2018-10-30,46.637501,50.849998,46.404999,80719200,50.303101,50.75
2009-11-10,3.3775,3.3775,3.24,78147200,3.011045,3.2825
2020-04-15,69.300003,71.042503,68.845001,36614800,69.975258,70.209999
2014-11-21,5.13,5.1375,5.07,19897600,4.9094,5.1125
2013-06-19,3.6325,3.87,3.62,115958800,3.463665,3.71
2014-10-08,4.4775,4.5875,4.4425,26017200,4.365177,4.565
2024-04-17,883.400024,887.75,839.5,49540000,840.349976,840.349976
2012-09-26,3.34,3.3425,3.255,43681200,3.022511,3.295
2017-02-21,27.057501,27.807501,27.055,55195200,27.367239,27.7675
2003-06-03,2.036667,2.165,2.011667,159680400,1.928627,2.1025
2016-08-31,15.4375,15.48,15.29,38854400,15.091356,15.335
2005-12-29,3.175,3.185,3.0925,31046400,2.848987,3.105833
2020-07-08,99.9375,102.25,99.654999,36548000,101.864914,102.160004
2004-05-25,1.768333,1.845833,1.7325,68126400,1.685542,1.8375
2013-11-25,3.795,3.8825,3.795,24820800,3.658,3.8775
2004-03-11,1.723333,1.785,1.723333,52687200,1.58999,1.733333
2002-02-11,4.8025,5.083333,4.785,124922400,4.656073,5.075833
2006-01-26,3.710833,3.785833,3.6875,44883600,3.469695,3.7825
2000-01-20,0.953125,1.005208,0.934896,17956800,0.864748,0.942708
2023-03-31,271.399994,278.339996,271.049988,43393300,277.680908,277.769989
2021-03-24,131.512497,131.592499,126.3675,24584000,126.183304,126.43
2012-01-13,3.5,3.5075,3.415,50430000,3.148639,3.4325
2024-04-02,884.47998,900.940002,876.200012,43306400,894.52002,894.52002
2010-05-03,3.9475,3.97,3.825,107897200,3.563718,3.885
2013-08-07,3.6325,3.6875,3.63,24438000,3.407649,3.65
2011-03-31,4.62,4.67,4.53,65511200,4.23335,4.615
2014-07-02,4.67,4.69,4.6425,17928400,4.445914,4.67
2012-12-19,3.1625,3.2,3.15,45854400,2.919684,3.1625
2023-01-05,144.910004,145.639999,141.479996,38916800,142.580048,142.649994
2004-08-27,1.059167,1.093333,1.058333,56512800,0.989158,1.078333
2001-08-01,3.437083,3.594167,3.413333,120494400,3.280885,3.576667
2019-07-16,41.6675,42.0425,41.209999,34144400,41.533676,41.77
2007-07-09,7.321667,7.541667,7.32,53678400,6.885881,7.506667
2018-11-12,50.494999,50.717499,47.165001,61711600,46.967739,47.384998
2003-03-04,1.0375,1.0475,1.015833,53839200,0.940999,1.025833
2009-02-05,2.1225,2.365,2.1,91919200,2.146487,2.34
2022-06-07,184.720001,190.0,181.880005,38891400,189.022644,189.259995
2016-07-06,11.755,11.9825,11.695,27310400,11.70167,11.9125
2023-11-07,457.190002,462.179993,451.579987,34316500,459.488037,459.549988
2022-03-10,225.309998,227.880005,218.820007,42806600,226.295868,226.580002
2002-07-17,1.736667,1.770833,1.555,192236400,1.489852,1.624167
2023-04-12,273.700012,274.679993,264.480011,44625900,264.865082,264.950012
2022-09-08,134.589996,140.080002,133.690002,62487300,139.795609,139.899994
2004-09-30,1.208333,1.2375,1.185833,61968000,1.109936,1.21
2013-08-21,3.715,3.7625,3.705,26154000,3.490513,3.72
2022-08-23,169.889999,174.649994,169.699997,36998600,171.630798,171.809998
2023-09-20,436.0,439.029999,422.230011,36710800,422.333069,422.390015
2021-10-01,207.5,208.589996,202.029999,24097800,207.099274,207.419998
2019-04-18,46.889999,47.232498,46.294998,38098800,46.258686,46.575001
2004-03-26,2.029167,2.060833,2.001667,55160400,1.861359,2.029167
2021-10-20,223.050003,224.330002,219.820007,14627600,220.688217,221.029999
2021-09-27,217.100006,217.990005,213.25,24521500,216.265076,216.600006
2010-08-18,2.31,2.35,2.295,35292000,2.137314,2.33
2021-08-09,204.460007,205.080002,201.429993,14644300,202.600433,202.949997
2009-08-05,3.3225,3.375,3.2825,61076800,3.072963,3.35
2011-08-23,3.0575,3.31,3.0525,93831200,3.033977,3.3075
2017-08-09,42.107498,43.052502,41.9175,53078400,42.505512,43.0275
2001-11-14,4.548333,4.591667,4.266667,115022400,4.026192,4.389167
2002-12-17,1.189167,1.229167,1.1575,107774400,1.070186,1.166667
2022-03-14,218.690002,222.619995,211.589996,38535400,213.032516,213.300003
2018-09-25,67.092499,67.355003,66.227501,28038800,66.511581,67.102501
2015-09-30,5.9825,6.17,5.9475,55638000,5.99308,6.1625
2013-09-27,3.8875,3.92,3.8725,15192000,3.654717,3.895
2023-12-11,474.910004,475.309998,458.299988,50972800,466.248108,466.269989
2014-09-15,4.795,4.8025,4.695,29415200,4.50861,4.715
2021-03-25,124.995003,127.147499,122.720001,29514400,125.107918,125.352501
2008-05-16,6.045,6.115,5.9075,109155600,5.597835,6.1025
2005-11-16,2.906667,2.9225,2.836667,45528000,2.654061,2.893333
2019-07-18,42.532501,43.177502,41.962502,44219200,42.304279,42.544998
2019-06-24,38.154999,38.462502,37.68,28294800,37.94907,38.165001
2022-10-31,137.779999,138.380005,132.970001,48634100,134.869324,134.970001
2001-01-19,2.291667,2.375,2.135417,101870400,1.989878,2.169271
2023-01-20,170.110001,178.559998,168.25,56496700,178.302505,178.389999
2006-03-10,4.015,4.065833,3.913333,52158000,3.622581,3.949167
2014-11-14,4.8925,4.9475,4.845,16024800,4.730934,4.9475
2010-06-04,3.0825,3.1375,3.0075,67145600,2.774839,3.025
2002-07-05,1.558333,1.583333,1.513333,73952400,1.45163,1.5825
2005-12-15,3.080833,3.104167,3.0125,33272400,2.792421,3.044167
2014-04-14,4.56,4.5975,4.53,29018400,4.340241,4.58
2023-03-23,271.149994,274.98999,266.899994,56488900,271.822815,271.910004
2018-07-31,60.927502,61.970001,60.535,28398800,60.642776,61.215
2003-03-31,1.085,1.098333,1.068333,68050800,0.984571,1.073333
2017-11-17,53.48,53.837502,52.6875,51566400,52.244934,52.84
2002-03-14,4.433333,4.433333,4.21,113946000,3.870252,4.219167
2019-05-28,36.465,36.794998,35.8125,42835600,35.589153,35.8325
2007-04-24,5.316667,5.473333,5.281667,102808800,4.976364,5.425
2003-04-03,1.166667,1.166667,1.136667,70278000,1.064835,1.160833
2001-01-10,1.638021,1.854167,1.598958,39292800,1.693665,1.846354
2008-04-30,5.11,5.1925,5.075,106832000,4.71264,5.1375
2005-08-26,2.45,2.45,2.386667,32343600,2.210698,2.41
2011-03-23,4.355,4.465,4.26,78239600,4.084288,4.4525
2000-02-09,0.861979,0.876302,0.85026,58905600,0.781141,0.851563
2013-08-26,3.7425,3.7575,3.7325,30015200,3.516315,3.7475
2019-03-22,45.709999,46.200001,44.235001,74764400,44.073624,44.375
2001-04-02,2.697917,2.763021,2.557292,126516000,2.376864,2.591146
2011-12-23,3.595,3.6,3.5125,24894800,3.249543,3.5425
2006-08-01,3.645,3.651667,3.475,60096600,3.24878,3.541667
2013-06-14,3.605,3.61,3.5625,23601200,3.349299,3.5875
2012-12-07,2.9975,3.0125,2.955,33828800,2.760429,2.99
2012-06-06,3.04,3.105,3.0175,36896800,2.841344,3.0975
2022-07-11,155.259995,155.270004,150.380005,43732100,151.362,151.520004
2015-03-12,5.665,5.7075,5.56,40697200,5.46331,5.6675
2008-10-30,2.1875,2.2,2.025,65717600,1.97908,2.1575
2022-03-30,283.040009,284.959991,275.029999,46348700,276.552734,276.899994
2017-10-17,49.272499,49.724998,49.087502,47859600,48.880745,49.4375
2013-02-08,3.0925,3.1175,3.0725,30723200,2.855059,3.0925
2011-09-09,3.515,3.61,3.44,86982800,3.183038,3.47
2015-07-08,4.92,4.95,4.8725,33249200,4.757429,4.9125
2009-05-19,2.3325,2.39,2.295,85976800,2.167126,2.3625
2019-01-15,37.939999,38.337502,37.282501,61701200,37.174725,37.467499
2001-12-17,5.428333,5.745833,5.428333,108096000,5.198048,5.666667
2016-11-10,17.872499,17.875,16.690001,86928000,16.673321,16.942499
2019-08-28,40.145,40.834999,39.75,25561200,40.116634,40.305
2001-05-22,3.813333,3.908333,3.666667,104997600,3.550723,3.870833
2002-10-10,0.608333,0.665833,0.608333,53803200,0.592424,0.645833
2014-10-29,4.7125,4.74,4.66,16834000,4.496657,4.7025
2017-03-13,24.885,25.5625,24.877501,77413600,25.127134,25.4625
2006-12-26,6.205,6.26,6.145,22819200,5.659754,6.17
2000-03-27,1.9375,2.0,1.796875,38894400,1.663804,1.813802
2003-05-21,1.684167,1.743333,1.675,90547200,1.598399,1.7425
2000-02-07,0.848958,0.848958,0.791667,21748800,0.727392,0.792969
2005-03-17,2.083333,2.090833,2.050833,44258400,1.885821,2.055833
2011-12-13,3.68,3.725,3.51,51659600,3.24037,3.5325
2017-08-22,40.122501,40.697498,39.927502,45045600,40.179848,40.637501
2007-08-21,7.528333,7.948333,7.416667,71533800,7.235985,7.888333
2016-07-08,12.3525,12.7725,12.305,48193200,12.487509,12.7125
2008-07-21,2.935,2.9775,2.8825,57163600,2.667056,2.9075
2004-04-27,1.8825,1.9325,1.838333,49456800,1.692423,1.845
2022-12-28,139.270004,142.619995,138.839996,35106600,140.291168,140.360001
2005-07-13,2.376667,2.383333,2.33,59478000,2.174006,2.37
2005-12-20,3.016667,3.0625,2.978333,30435600,2.768723,3.018333
2012-10-15,3.1625,3.2,3.125,24958000,2.933074,3.1975
2013-07-25,3.55,3.6125,3.525,24332000,3.328293,3.565
2022-01-10,265.809998,274.690002,256.440002,59468100,273.609772,274.0
2018-04-24,56.23,57.200001,54.639999,41459600,54.749214,55.299999
2000-04-17,1.3125,1.5625,1.3125,29409600,1.381925,1.50651
2004-04-14,2.125,2.186667,2.100833,51201600,1.969142,2.146667
2019-10-31,50.540001,50.75,49.452499,20973200,50.020126,50.255001
2006-04-07,5.08,5.125,4.988333,68267400,4.667539,5.088333
2016-05-23,11.13,11.1725,11.0325,41363600,10.87531,11.1
2015-03-26,5.1525,5.265,5.115,31192000,5.053619,5.2425
2003-11-10,1.818333,1.843333,1.796667,121005600,1.658024,1.8075
2015-06-01,5.5675,5.65,5.5325,37266000,5.418385,5.595
2020-02-06,63.035,63.5625,62.220001,21828400,63.312122,63.5625
2022-09-22,130.699997,131.490005,124.279999,75916200,125.516296,125.610001
2010-07-30,2.265,2.3375,2.23,98428800,2.107502,2.2975
2023-11-20,493.119995,505.480011,491.809998,41412000,504.022034,504.089996
2001-03-20,2.596354,2.760417,2.354167,199056000,2.185759,2.382813
2019-06-20,39.192501,39.3325,38.380001,35016800,38.30703,38.525002
2004-10-22,1.180833,1.183333,1.103333,68646000,1.015148,1.106667
2023-03-27,268.369995,270.0,263.649994,36102600,265.224915,265.309998
2017-10-09,45.697498,46.682499,45.5075,56349200,45.825546,46.3475
2004-01-14,2.045833,2.075,2.001667,54487200,1.853714,2.020833
2020-02-19,75.372498,78.852501,75.372498,69433200,78.365097,78.675003
2001-08-07,3.742083,3.760417,3.64375,108861600,3.382552,3.6875
2012-11-06,3.2625,3.2625,3.1975,35080400,2.983525,3.2525
2021-12-01,332.190002,332.890015,313.799988,48436800,313.902313,314.350006
2000-12-06,1.966146,2.020833,1.708333,95092800,1.576613,1.71875
2001-04-09,2.6625,2.727083,2.44375,109716000,2.279495,2.485
2008-01-28,6.215,6.2775,6.03,57760800,5.652875,6.1625
2012-08-17,3.695,3.695,3.63,30986400,3.359619,3.6625
2015-01-02,5.0325,5.07,4.9525,11368000,4.832579,5.0325
2004-09-09,1.051667,1.1475,1.046667,129932400,1.035787,1.129167
2013-08-23,3.745,3.775,3.7325,24512000,3.509278,3.74
2011-09-02,3.245,3.29,3.205,47135600,2.962887,3.23
2020-05-05,73.8675,75.067497,72.822502,36889600,73.189468,73.434998
2001-07-17,3.05,3.305833,3.020833,116990400,3.004548,3.275417
2014-09-04,4.9125,5.0375,4.91,49183200,4.788308,5.0075
2011-08-10,3.1375,3.2275,3.0675,114005200,2.829877,3.085
2006-10-31,5.581667,5.811667,5.553333,99617400,5.331053,5.811667
2001-09-05,3.28125,3.379167,3.147917,239558400,3.076786,3.354167
2017-10-13,48.387501,48.75,47.912498,62872800,48.099644,48.647499
2012-06-28,3.255,3.33,3.2275,54589600,3.036271,3.31
2008-11-21,1.5225,1.595,1.4375,59906400,1.463097,1.595
2023-12-18,494.0,504.329987,491.5,41258700,500.74649,500.769989
2014-10-17,4.415,4.465,4.3375,29071600,4.164369,4.355
2021-12-07,309.570007,324.48999,306.51001,59305300,323.808136,324.269989
2016-09-06,15.6875,15.78,15.6075,30681200,15.529285,15.78
2004-04-02,2.208333,2.2225,2.141667,64974000,2.010421,2.191667
2012-08-16,3.6525,3.7075,3.64,37100800,3.389432,3.695
2016-08-09,14.7575,14.865,14.685,37234400,14.461938,14.7225
2013-04-09,3.11,3.18,3.0875,38058400,2.932952,3.1575
2000-11-15,2.859375,2.950521,2.742188,42386400,2.635453,2.873047
2006-02-17,4.2225,4.226667,3.933333,235695600,3.628694,3.955833
2000-03-21,2.083333,2.101563,1.8125,53664000,1.813106,1.976563
2019-06-21,38.375,38.869999,37.875,43442800,37.725334,37.939999
2022-03-18,247.990005,265.690002,246.240005,73071900,264.198273,264.529999
2019-09-23,43.174999,44.1675,43.137501,24971200,43.505718,43.709999
2006-11-03,5.386667,5.44,5.3,54807000,4.984008,5.433333
2013-02-15,3.175,3.1975,3.1125,73386000,2.938149,3.1825
2011-03-30,4.83,4.85,4.5525,117632000,4.231058,4.6125
2008-01-18,5.8425,6.2425,5.63,92042800,5.696447,6.21
2015-04-08,5.47,5.525,5.4175,36643200,5.306664,5.505
2014-04-22,4.685,4.7475,4.66,25512000,4.470543,4.7175
2010-03-30,4.44,4.4625,4.3325,32410400,4.04301,4.4075
2011-11-16,3.65,3.7475,3.6325,51242000,3.343567,3.645
2013-06-07,3.5875,3.635,3.5725,27458400,3.37264,3.6125
2004-01-30,1.821667,1.895833,1.810833,46646400,1.700832,1.854167
2012-01-20,3.5825,3.625,3.5425,54627200,3.26101,3.555
2016-03-07,8.0925,8.1475,7.98,23996800,7.92134,8.085
2003-07-28,1.769167,1.773333,1.693333,70375200,1.560178,1.700833
2022-09-14,132.539993,132.899994,129.130005,58850700,131.182083,131.279999
2014-07-11,4.7575,4.7775,4.74,19118800,4.533977,4.7625
2005-03-21,2.013333,2.088333,2.000833,65445600,1.911046,2.083333
2017-03-22,26.365,27.065001,26.325001,61676400,26.661654,27.0175
2011-12-21,3.455,3.4925,3.3625,54842400,3.146346,3.43
2019-02-14,38.209999,38.9175,37.775002,82726400,38.330631,38.6325
2014-05-14,4.5725,4.59,4.5225,21432000,4.288122,4.525
2019-01-07,34.625,36.2225,34.107498,70916000,35.569866,35.849998
2024-03-27,931.119995,932.400024,891.22998,58606700,902.5,902.5
2004-04-21,1.889167,1.95,1.87,68881200,1.728351,1.884167
2010-09-24,2.97,3.075,2.9475,108697600,2.811532,3.065
2014-06-12,4.85,4.9025,4.8075,33714800,4.645838,4.88
2004-08-16,0.865,0.888333,0.86,53173200,0.794995,0.866667
2003-10-16,1.4175,1.438333,1.395833,44608800,1.3148,1.433333
2009-06-12,2.85,2.8875,2.785,59500000,2.639538,2.8775
2002-09-13,0.885833,0.928333,0.875,79687200,0.80799,0.880833
2002-09-26,0.795833,0.804167,0.7275,73956000,0.678039,0.739167
2017-08-29,40.647499,41.395,40.564999,32409600,40.711292,41.174999
2016-10-07,16.9475,16.9925,16.665001,28626000,16.446966,16.7125
2009-11-30,3.21,3.2675,3.175,50983600,2.994991,3.265
2000-01-31,0.782552,0.799479,0.729167,18240000,0.708281,0.772135
2012-02-07,3.93,3.9575,3.865,41029600,3.609583,3.935
2000-08-10,2.65625,2.8125,2.604167,15643200,2.522581,2.75
2006-09-06,4.666667,4.673333,4.5,49357200,4.138562,4.511667
2003-04-01,1.095833,1.116667,1.071667,53380800,1.013619,1.105
2007-05-10,5.596667,5.67,5.421667,80258400,5.017641,5.47
2017-07-07,36.445,36.875,36.212502,65497200,36.244892,36.689999
2007-08-08,7.395,7.825,7.338333,66074400,6.969966,7.598333
2009-10-28,3.065,3.135,2.99,77363200,2.756493,3.005
2008-03-10,4.8275,4.8875,4.6,77610000,4.226471,4.6075
2008-04-03,5.0475,5.055,4.8475,84198400,4.581923,4.995
2014-03-26,4.655,4.7425,4.4675,55775600,4.271538,4.5075
2014-01-07,4.01,4.05,3.9825,33328800,3.806584,4.035
2022-11-29,158.270004,159.320007,155.199997,29838400,156.2733,156.389999
2002-04-19,3.19,3.229167,3.0725,112567200,2.822234,3.076667
2010-06-29,2.715,2.7175,2.6025,66080800,2.403331,2.62
2016-02-17,6.8325,6.98,6.805,77146800,6.750429,6.915
2021-10-13,209.179993,209.899994,207.130005,18065200,209.066177,209.389999
2006-05-04,5.075,5.2,5.048333,51112800,4.717992,5.143333
2003-01-29,0.841667,0.889167,0.841667,102204000,0.809519,0.8825
2006-11-17,5.995,6.07,5.958333,36160800,5.552735,6.053333
2022-07-05,141.75,149.710007,140.550003,65139700,149.483948,149.639999
2019-06-18,36.875,38.7775,36.764999,58192000,38.003757,38.220001
2016-03-15,8.0325,8.085,7.8925,22621600,7.872352,8.035
2012-04-09,3.6,3.6225,3.54,36550400,3.311461,3.61
2002-04-12,3.136667,3.161667,2.960833,137688000,2.803887,3.056667
2013-02-14,3.05,3.185,3.0125,88209600,2.938149,3.1825
2009-09-24,3.7975,3.7975,3.6725,55287600,3.380259,3.685
2007-10-25,9.2125,9.3,8.3975,80619200,7.957595,8.675
2022-06-16,158.600006,159.419998,154.009995,54574900,155.847305,156.009995
2022-09-29,124.480003,125.0,119.459999,53276300,122.108826,122.199997
2014-12-29,5.1325,5.175,5.1075,8294400,4.935809,5.14
2001-10-11,3.006667,3.171667,2.990833,91800000,2.901732,3.163333
2006-01-31,3.791667,3.8125,3.7175,38445600,3.436826,3.746667
2022-08-24,170.119995,174.059998,168.949997,52266100,172.040375,172.220001
2005-08-16,2.535,2.5575,2.4975,63748800,2.30778,2.515833
2001-04-16,2.875,2.935417,2.803333,76411200,2.619661,2.855833
2013-04-29,3.3575,3.405,3.3425,26971200,3.15124,3.3925
2001-09-24,2.425833,2.536667,2.318333,150750000,2.293256,2.5
2002-04-30,3.0225,3.0625,2.8375,177650400,2.66094,2.900833
2013-03-28,3.155,3.21,3.1325,34927600,2.979396,3.2075
2009-06-10,2.855,2.9475,2.7925,83332000,2.687696,2.93
2004-07-12,1.369167,1.408333,1.3575,67604400,1.262055,1.375833
2011-06-08,4.4925,4.52,4.3575,56928800,4.029251,4.3925
2019-10-25,50.025002,51.345001,49.947498,42309200,50.896015,51.134998
2001-10-01,2.2875,2.325,2.058333,97280400,1.921749,2.095
2014-05-19,4.5375,4.66,4.5175,36007600,4.392364,4.635
2008-01-03,8.3,8.465,8.1575,47530800,7.510413,8.1875
2018-03-15,62.322498,63.154999,61.91,40195200,61.714149,62.334999
2022-01-24,223.300003,233.800003,208.880005,91398200,233.387146,233.720001
2002-09-12,0.901667,0.950833,0.885,129493200,0.820986,0.895
2003-04-22,1.160833,1.1825,1.141667,78739200,1.083946,1.181667
2015-10-07,6.4525,6.57,6.3475,31015200,6.326167,6.505
2008-08-22,3.43,3.47,3.33,45926400,3.12112,3.4025
2001-10-09,2.810833,2.866667,2.601667,91755600,2.459899,2.681667
2000-12-05,2.015625,2.088542,1.828125,99722400,1.839381,2.005208
2013-10-07,3.8825,3.925,3.8625,16995200,3.657062,3.8975
2012-06-19,3.2275,3.3575,3.2125,96047600,3.036271,3.31
2004-10-04,1.270833,1.3125,1.268333,67393200,1.18867,1.295833
2002-06-18,2.34,2.425,2.3125,100830000,2.161776,2.356667
2021-08-18,195.0,196.339996,190.0,28591300,190.072006,190.399994
2012-09-10,3.3425,3.39,3.3125,37110800,3.045444,3.32
2002-07-01,1.425,1.466667,1.398333,116437200,1.310213,1.428333
2016-03-11,8.0375,8.0575,7.9425,27740000,7.891946,8.055
2013-05-31,3.6375,3.69,3.6175,57750800,3.377307,3.6175
2008-07-10,2.97,3.005,2.8925,105699200,2.703749,2.9475
2015-09-28,5.9025,5.94,5.7875,39558400,5.664859,5.825
2009-02-03,2.1,2.1375,2.0425,39694800,1.94468,2.12
2002-08-19,0.929167,1.120833,0.9275,224392800,0.96699,1.054167
2002-11-29,1.460833,1.481667,1.416667,51939600,1.309449,1.4275
2017-11-29,52.502499,52.529999,47.807499,139678800,48.585728,49.105
2005-05-13,2.070833,2.1225,1.983333,265032000,1.936271,2.110833
2005-06-14,2.384167,2.423333,2.1675,240841200,2.05705,2.2425
2019-03-01,39.067501,39.537498,38.48,35718800,38.846874,39.112499
2009-12-31,4.6775,4.7375,4.665,70034000,4.2838,4.67
2018-12-26,32.235001,33.285,31.115,69510000,33.014996,33.275002
2015-10-22,6.9325,7.1225,6.9225,30688400,6.904808,7.1
2007-06-14,6.166667,6.328333,6.158333,50854800,5.783591,6.305
2012-04-23,3.29,3.3225,3.2275,70624400,3.033977,3.3075
2014-07-09,4.6775,4.7975,4.6425,38766800,4.548254,4.7775
2001-12-13,5.283333,5.350833,5.213333,88140000,4.801314,5.234167
2000-07-27,2.291667,2.322917,2.166667,33156000,2.016154,2.197917
2000-10-04,3.067708,3.166667,3.026042,41956800,2.857013,3.114583
2009-10-09,3.4775,3.5475,3.4725,61854000,3.249543,3.5425
2010-05-17,3.245,3.2875,3.145,85606000,2.978939,3.2475
2022-03-17,241.199997,248.419998,239.059998,47194100,247.349426,247.660004
2024-02-09,705.330017,721.849976,702.119995,43663700,721.296204,721.330017
2002-02-27,4.6875,4.7075,4.416667,172322400,4.062885,4.429167
2016-02-03,7.07,7.1125,6.8875,32677200,6.882216,7.05
2008-09-18,2.53,2.855,2.525,161106000,2.497355,2.7225
2001-07-30,3.379167,3.392917,3.258333,58228800,3.022128,3.294583
2014-12-09,5.1675,5.195,5.09,23944800,4.97662,5.1825
2020-11-27,133.75,134.074997,131.705002,16727600,132.269012,132.612503
2012-02-24,3.99,3.995,3.93,36666800,3.62105,3.9475
2008-10-10,1.58,1.8325,1.57,120025200,1.561707,1.7025
2014-03-18,4.4725,4.59,4.4525,29390400,4.321289,4.56
2003-04-07,1.190833,1.2,1.116667,67125600,1.034258,1.1275
2005-02-25,2.3725,2.415833,2.346667,52513200,2.204583,2.403333
2007-03-08,5.036667,5.193333,5.033333,77062200,4.711876,5.136667
2020-03-19,50.490002,54.182499,48.3475,76551200,53.064491,53.2425
2010-02-24,4.0875,4.1775,4.075,44586800,3.795338,4.1375
2000-08-01,2.5,2.520833,2.432292,35061600,2.247869,2.450521
2017-05-16,34.095001,34.360001,33.34,112070000,33.752033,34.202499
2001-03-30,2.859375,2.914063,2.6875,142317600,2.481375,2.705078
2015-02-17,5.5675,5.6225,5.5325,20334000,5.372733,5.595
2018-03-21,62.330002,63.0,61.8325,43868800,61.521084,62.139999
2006-11-29,6.05,6.156667,6.026667,57979200,5.580255,6.083333
2016-05-16,10.1675,10.7,10.135,97303200,10.333993,10.5475
2002-05-20,3.236667,3.320833,3.221667,95341200,3.026333,3.299167
2011-01-20,5.5475,5.64,5.4475,111140800,5.143772,5.6075
2021-08-25,217.369995,224.699997,217.220001,34770100,221.747406,222.130005
2022-08-22,174.899994,175.580002,169.660004,40959300,170.162354,170.339996
2008-12-23,2.0175,2.06,1.9475,37745200,1.813965,1.9775
2006-12-15,6.181667,6.25,6.143333,74609400,5.733137,6.25
2017-04-10,25.09,25.157499,24.4,75633200,24.120571,24.442499
2001-10-26,4.080833,4.203333,3.791667,109712400,3.500272,3.815833
2015-04-24,5.5525,5.555,5.445,24096000,5.309074,5.5075
2019-01-09,35.474998,36.122501,34.965,61726000,35.366474,35.645
2003-10-07,1.3875,1.4,1.368333,51058800,1.284223,1.4
2001-05-11,3.332917,3.354167,3.189167,92121600,2.986583,3.255833
2018-05-31,62.924999,63.799999,62.817501,49386800,62.458157,63.047501
2013-04-08,3.1175,3.1175,3.05,32666000,2.886508,3.1075
2016-12-15,24.225,24.985001,24.15,74654800,24.321777,24.6775
2001-02-08,1.880208,1.986979,1.851563,38428800,1.705608,1.859375
2018-01-30,60.2775,61.605,59.602501,57083200,60.038319,60.68
2023-12-04,460.769989,460.769989,450.100006,43754300,455.038666,455.100006
2002-04-17,3.3575,3.406667,3.2525,94448400,3.079843,3.3575
2010-06-08,2.8625,2.8625,2.7225,96763600,2.563859,2.795
2004-11-01,1.2225,1.2325,1.206667,65389200,1.129811,1.231667
2006-03-06,4.176667,4.204167,4.068333,52902000,3.750237,4.088333
2022-08-29,160.199997,163.380005,157.669998,49613200,157.84523,158.009995
2018-04-16,57.942501,58.209999,56.919998,35079200,57.296089,57.872501
2005-04-01,2.004167,2.015833,1.949167,51075600,1.798677,1.960833
2021-06-14,179.059998,180.395004,176.627502,32137600,179.877136,180.1875
2016-08-25,15.49,15.4975,15.19,40603200,15.1381,15.3825
2022-04-14,225.050003,227.770004,211.630005,56909700,212.313416,212.580002
2015-08-06,5.1325,5.17,5.0275,65567600,4.951118,5.1125
2009-11-11,3.3375,3.455,3.3325,87151200,3.095894,3.375
2013-01-28,3.1175,3.1725,3.11,42249200,2.910452,3.1525
2017-04-20,25.067499,25.362499,24.852501,40401600,24.981581,25.315001
2014-02-14,4.3,4.4875,4.2975,81753600,4.224036,4.4775
2020-01-14,62.564999,62.82,61.6875,35908800,61.576481,61.82
2017-12-01,49.827499,50.032501,48.1175,81154800,48.897388,49.419998
2013-10-08,3.8875,3.9425,3.835,29071200,3.626568,3.865
2015-09-04,5.4725,5.56,5.435,28797200,5.288012,5.4375
2019-04-05,47.5,47.912498,47.1325,48174400,47.413288,47.737499
2010-04-23,4.155,4.165,4.0375,75291600,3.770112,4.11
2003-12-11,1.660833,1.766667,1.6575,69487200,1.601457,1.745833
2001-11-07,4.183333,4.381667,4.159167,141914400,3.870252,4.219167
2006-02-23,3.853333,3.879167,3.795,38512800,3.491099,3.805833
2023-09-05,482.230011,488.51001,478.600006,38265300,485.374573,485.480011
2021-05-03,151.25,152.467499,147.875,20391200,148.077988,148.367493
2019-11-12,52.43,52.965,52.077499,28350400,52.1576,52.4025
2018-06-07,66.25,66.370003,64.8125,36944800,65.110596,65.724998
2007-07-25,7.393333,7.498333,7.186667,43719600,6.748286,7.356667
2015-07-29,4.9225,5.0325,4.9025,23268000,4.834906,4.9925
2021-11-15,305.519989,306.440002,292.470001,38490900,299.785706,300.25
2009-12-08,3.9575,3.975,3.805,107551200,3.510974,3.8275
2013-07-18,3.6475,3.66,3.59,34448800,3.395979,3.6375
2007-08-28,8.25,8.283333,7.703333,56002200,7.083102,7.721667
2008-03-19,4.6325,4.6975,4.415,88047600,4.049891,4.415
2015-10-14,6.6075,6.9475,6.6,61214800,6.651956,6.84
2014-12-17,4.935,5.0425,4.775,34559600,4.834979,5.035
2014-01-22,4.02,4.025,3.96,33794000,3.780642,4.0075
2014-03-13,4.59,4.6075,4.4125,38517200,4.202833,4.435
2022-08-25,168.440002,179.470001,168.330002,77069100,178.943222,179.130005
2014-11-28,5.2475,5.2725,5.2,12483200,5.034235,5.2425
2020-01-03,58.775002,59.4575,58.525002,20538400,58.785027,59.017502
2021-12-22,288.910004,295.549988,284.48999,39518400,293.581268,294.0
2016-02-16,6.525,6.7575,6.505,48535200,6.586915,6.7475
2023-04-04,279.660004,280.0,273.070007,36859200,274.441956,274.529999
2019-03-11,37.897499,40.514999,37.422501,85972800,40.011398,40.285
2008-05-27,5.7875,5.8475,5.6775,83285600,5.357045,5.84
2002-10-31,0.943333,0.998333,0.940833,125547600,0.909658,0.991667
2008-09-03,3.0375,3.05,2.8875,71485600,2.673936,2.915
2009-11-18,3.4,3.4125,3.3225,45551600,3.100482,3.38
2019-08-30,42.215,42.715,41.695,29061600,41.681786,41.877499
2011-10-13,3.635,3.8725,3.625,85483200,3.545373,3.865
2023-05-17,295.839996,301.98999,294.299988,43253500,301.683258,301.779999
2012-08-14,3.715,3.72,3.6325,38882800,3.345859,3.6475
2011-10-27,3.79,3.85,3.705,57773200,3.497215,3.8125
2019-02-12,37.0,37.950001,36.855,59106000,37.497189,37.7925
2014-02-24,4.65,4.7625,4.6075,40311200,4.459883,4.7275
2009-02-23,1.935,1.945,1.8025,67954800,1.664903,1.815
2013-05-01,3.4425,3.465,3.4,34131600,3.169817,3.4125
2021-09-10,223.479996,226.259995,222.699997,24837600,224.432404,224.779999
2017-08-08,43.4725,43.639999,42.177502,75533600,42.058495,42.575001
2002-03-27,3.856667,3.935,3.725,106801200,3.478104,3.791667
2009-08-18,3.215,3.37,3.2125,63620000,3.05691,3.3325
2019-04-16,46.57,47.2425,46.240002,39496400,46.732944,47.052502
2022-02-09,256.220001,267.25,253.529999,52428200,266.669647,267.049988
2007-08-20,7.518333,7.6,7.391667,51968400,6.864479,7.483333
2015-05-14,5.2525,5.35,5.24,29305200,5.130738,5.3225
2001-08-22,3.453333,3.536667,3.34375,149810400,3.240753,3.532917
2004-07-28,1.220833,1.225,1.158333,50511600,1.093883,1.1925
2001-06-14,3.8575,3.96625,3.802083,94615200,3.577096,3.899583
2011-11-04,3.63,3.7175,3.5725,65484000,3.398604,3.705
2001-09-17,2.96,3.0325,2.818333,113859600,2.598258,2.8325
2016-05-25,11.375,11.4225,11.2025,45807600,11.092641,11.2925
2008-03-07,4.87,5.08,4.75,76750000,4.483315,4.8875
2021-07-23,196.559998,197.0,192.5,19567200,195.243134,195.580002
2023-01-24,188.270004,194.949997,188.199997,49620400,192.555527,192.649994
2019-04-11,48.049999,48.3675,47.387501,37460000,47.559788,47.884998
2012-08-08,3.535,3.595,3.525,51706400,3.263302,3.5575
2021-05-27,156.997498,157.5,154.600006,58147600,154.577789,154.880005
2017-02-08,29.6,29.827499,29.094999,44958000,29.225071,29.6525
2001-10-23,3.8325,3.900833,3.633333,95302800,3.41007,3.7175
2019-10-22,49.575001,50.6325,48.825001,32872000,48.67395,48.9025
2013-01-03,3.18,3.2175,3.145,29888800,2.938149,3.1825
2014-02-05,3.8675,3.88,3.83,21467600,3.641491,3.86
2020-04-07,69.324997,69.5625,64.324997,78452000,64.540993,64.7575
2010-09-30,3.0075,3.0425,2.895,78763200,2.678522,2.92
2012-07-27,3.3,3.38,3.275,37651600,3.091309,3.37
2020-10-19,139.029999,139.835007,134.067505,29806800,134.627869,134.977493
2005-08-23,2.410833,2.441667,2.4025,25446000,2.22828,2.429167
2016-01-19,6.9175,7.1125,6.805,45714000,6.669893,6.8325
2016-07-11,12.895,13.1,12.88,44877600,12.774837,13.005
2006-10-25,5.468333,5.55,5.376667,38943600,5.014586,5.466667
2022-08-04,188.490005,192.740005,187.600006,40965200,191.949615,192.149994
2017-12-29,49.615002,49.615002,48.375,27996400,47.863438,48.375
2019-07-25,44.247501,44.375,43.110001,39270000,43.099762,43.345001
2010-12-07,3.7125,3.8325,3.705,102681200,3.435297,3.745
2009-11-24,3.235,3.2575,3.1775,41850400,2.962887,3.23
2006-12-13,6.013333,6.083333,6.013333,49195200,5.535919,6.035
2019-12-30,58.997501,59.049999,57.764999,25805600,57.851212,58.080002
2003-11-03,1.465833,1.529167,1.459167,77372400,1.376718,1.500833
2005-05-25,2.269167,2.280833,2.223333,53527200,2.059343,2.245
2022-05-12,162.190002,167.880005,155.669998,70872800,161.547165,161.75
2011-11-21,3.4275,3.6925,3.375,133078800,3.355032,3.6575
2002-12-20,1.0875,1.099167,1.015833,80457600,0.979984,1.068333
2012-11-05,3.115,3.2675,3.115,44484000,2.985819,3.255
2021-09-08,225.130005,226.100006,219.770004,25443400,223.044571,223.389999
2001-06-27,3.8875,3.895833,3.719167,89575200,3.472371,3.785417
2000-02-22,1.359375,1.377604,1.3125,54249600,1.251735,1.364583
2010-11-24,3.395,3.455,3.3925,39778400,3.157814,3.4425
2005-05-17,2.105833,2.151667,2.104167,63980400,1.964556,2.141667
2021-09-28,212.139999,214.190002,206.509995,34306900,206.669907,206.990005
2015-01-05,5.0325,5.0475,4.925,19795200,4.750955,4.9475
2010-01-04,4.6275,4.655,4.5275,80020400,4.240229,4.6225
2022-04-28,189.669998,200.369995,184.899994,57032700,197.571945,197.820007
2017-05-12,31.657499,32.400002,31.445,96262000,31.551395,31.9725
2016-07-19,13.235,13.4325,13.21,38265200,13.143198,13.38
2014-04-25,4.805,4.85,4.6725,31360000,4.437376,4.6825
2019-10-08,45.16,45.16,44.125,44443600,44.10043,44.307499
2021-06-07,175.712494,178.125,171.927505,57575600,175.846252,176.190002
2006-09-28,4.826667,4.948333,4.805,64734600,4.52077,4.928333
2007-03-12,5.026667,5.128333,5.02,42801000,4.636962,5.055
2015-11-06,7.6125,7.985,7.455,117227200,7.670657,7.8875
2023-10-12,467.769989,476.089996,463.299988,48132500,469.386719,469.450012
2021-02-01,130.532501,132.707504,129.027496,21720400,132.066162,132.369995
2008-03-24,4.7325,5.035,4.715,88744000,4.59339,5.0075
2009-10-23,3.4125,3.4125,3.2675,42952800,3.01563,3.2875
2014-12-22,5.1,5.195,5.0825,14897600,4.988622,5.195
2013-12-16,3.7575,3.7925,3.755,23762000,3.547152,3.76
2000-05-05,1.826823,1.963542,1.802083,17059200,1.760552,1.919271
2013-01-30,3.0875,3.13,3.07,28759200,2.843518,3.08
2015-03-13,5.64,5.69,5.5625,35928800,5.470539,5.675
2016-11-21,23.522499,23.5875,23.1,43643600,22.875679,23.245001
2021-03-08,124.5,124.712502,115.665001,54311200,115.666374,115.932503
2002-07-11,1.499167,1.666667,1.485833,114394800,1.523486,1.660833
2003-09-11,1.631667,1.679167,1.525,261273600,1.457746,1.589167
2006-07-17,2.931667,3.001667,2.916667,50280600,2.722858,2.968333
2007-05-29,5.586667,5.688333,5.57,31624200,5.201104,5.67
2015-12-15,8.235,8.3,8.19,30729600,8.046335,8.2425
2006-07-12,3.18,3.216667,3.035,46103400,2.787069,3.038333
2023-04-11,277.23999,277.899994,271.26001,31437800,271.602875,271.690002
2017-01-09,25.875,27.0,25.875,91624800,26.433395,26.82
2011-04-12,4.2875,4.3725,4.2075,84075600,3.983385,4.3425
2021-01-13,134.899994,136.25,133.850006,21002800,135.006866,135.317505
2004-07-30,1.255,1.308333,1.2525,40395600,1.178733,1.285
2010-01-06,4.6875,4.73,4.6425,64916800,4.329667,4.72
2008-09-09,2.7875,2.9575,2.6925,109829600,2.47901,2.7025
2005-07-29,2.263333,2.2875,2.236667,35166000,2.068516,2.255
2011-10-21,3.6475,3.7075,3.56,62842800,3.320634,3.62
2008-12-05,1.715,1.8475,1.685,43848400,1.687836,1.84
2012-08-29,3.57,3.6025,3.5625,25041200,3.283942,3.58
2010-06-23,2.9175,2.9525,2.835,61406000,2.680815,2.9225
2020-06-08,88.772499,88.897499,86.857498,38773600,87.79567,88.050003
2020-07-14,100.75,104.027496,97.855003,54267600,103.470253,103.769997
2012-11-27,3.015,3.085,2.99,45140400,2.80659,3.04
2008-08-25,3.3825,3.4625,3.3425,47160000,3.075256,3.3525
2002-02-19,4.575,4.6225,4.425833,197252400,4.093461,4.4625
2005-04-11,1.968333,1.975,1.91,32838000,1.757398,1.915833
2013-09-23,3.945,3.9775,3.8875,27124400,3.668792,3.91
2012-05-11,3.3625,3.42,3.29,143514000,3.029391,3.3025
2011-10-05,3.2175,3.37,3.1525,85670800,3.063789,3.34
2020-12-21,130.747498,133.699997,129.675003,30233200,133.016434,133.322495
2003-03-24,1.131667,1.166667,1.125,83901600,1.041902,1.135833
2017-03-08,25.174999,25.325001,24.6175,63871200,24.31547,24.639999
2003-02-25,1.05,1.083333,1.033333,123920400,0.989158,1.078333
2014-07-07,4.72,4.7225,4.6675,12749600,4.450673,4.675
2013-06-06,3.54,3.59,3.5375,34104400,3.325959,3.5625
2015-03-11,5.75,5.825,5.705,26212000,5.513917,5.72
2013-10-30,3.82,3.8375,3.7725,20403200,3.570269,3.805
2005-06-28,2.248333,2.268333,2.223333,26230800,2.066987,2.253333
2001-12-04,4.506667,4.85,4.506667,138464400,4.444329,4.845
2019-10-11,46.602501,47.334999,46.412498,44640400,46.280201,46.497501
2018-07-16,62.049999,62.584999,61.924999,19703600,61.469978,62.049999
2013-02-19,3.185,3.1875,3.12,43355200,2.898912,3.14
2020-04-17,74.5,74.714996,71.735001,53912000,72.835655,73.080002
2007-01-31,5.101667,5.156667,5.038333,46797600,4.685884,5.108333
2007-12-17,8.675,8.7575,8.3,50740800,7.631954,8.32
2021-11-30,331.690002,333.529999,318.640015,62206600,326.2547,326.76001
2023-05-26,378.899994,391.700012,375.5,71439700,389.335083,389.459991
2005-03-11,2.164167,2.1675,2.0775,73218000,1.923277,2.096667
2009-07-17,2.9325,3.0275,2.9025,85035600,2.76796,3.0175
2023-05-25,385.230011,394.799988,366.350006,154391100,379.678192,379.799988
2006-03-31,4.785833,4.8525,4.7425,83556000,4.37706,4.771667
2022-07-26,168.889999,169.190002,164.779999,39786500,165.157578,165.330002
2003-02-26,1.064167,1.081667,1.023333,74689200,0.940999,1.025833
2020-08-14,115.300003,117.047501,114.404999,36643600,115.305962,115.639999
2023-01-30,199.5,201.399994,191.5,48861100,191.526031,191.619995
2014-02-07,3.92,3.9725,3.885,15724800,3.742907,3.9675
2018-05-21,62.470001,62.5075,60.122501,64062400,60.451843,61.060001
2021-01-11,134.1875,139.610001,133.625,51834400,135.902328,136.214996
2013-10-10,3.8325,3.8575,3.805,22348400,3.610147,3.8475
2001-08-06,3.607083,3.78,3.568333,129256800,3.433386,3.742917
2012-04-24,3.3175,3.345,3.1875,73044000,2.939953,3.205
2015-03-19,5.7375,5.825,5.695,31075600,5.595855,5.805
2001-01-11,1.802083,2.078125,1.770833,44764800,1.834604,2.0
2001-03-21,2.388021,2.630208,2.375,187735200,2.348198,2.559896
2005-06-13,2.333333,2.449167,2.326667,140991600,2.186236,2.383333
2000-11-14,2.625,2.932292,2.604167,47073600,2.670687,2.911458
2005-08-03,2.32,2.341667,2.299167,51825600,2.128141,2.32
2001-03-05,1.744792,1.880208,1.734375,74229600,1.68172,1.833333
2021-06-04,171.125,176.610001,170.955002,61712000,175.439514,175.782501
2018-12-24,31.622499,32.494999,31.125,46384000,31.521744,31.77
2016-03-30,8.88,9.0625,8.875,37670000,8.759032,8.94
2007-06-22,7.166667,7.311667,7.058333,88261800,6.668786,7.27
2019-05-06,43.875,45.084999,43.5,42217600,44.657139,44.962502
2022-03-01,242.910004,243.770004,231.320007,41205600,234.435638,234.770004
2003-09-30,1.3175,1.375833,1.3125,102088800,1.220776,1.330833
2019-08-23,42.099998,42.647499,40.41,56805600,40.380241,40.610001
2003-11-18,1.704167,1.725,1.633333,99142800,1.503611,1.639167
2016-01-22,7.0825,7.16,7.0675,25799600,6.94323,7.1125
2008-10-22,1.775,1.85,1.685,60099600,1.589226,1.7325
2003-09-22,1.620833,1.624167,1.575,73550400,1.456981,1.588333
2005-12-19,3.0775,3.1,3.0125,29229600,2.770252,3.02
2019-02-26,39.625,40.189999,38.9375,48846400,38.968105,39.275002
2010-08-11,2.2625,2.2625,2.2125,79614800,2.036411,2.22
2008-04-11,4.875,4.905,4.6025,110628000,4.249403,4.6325
2020-12-28,130.625,130.625,127.6325,21256400,128.703873,129.0
2023-01-23,180.639999,192.449997,178.179993,65516300,191.835861,191.929993
2001-10-12,3.083333,3.375,3.0725,125310000,3.090544,3.369167
2016-07-07,11.9925,12.265,11.9375,39540000,12.00618,12.2225
2007-10-26,8.95,9.01,8.475,61658000,7.888798,8.6
2011-06-15,4.2275,4.2525,4.105,93591600,3.845789,4.1925
2019-03-12,40.564999,41.0975,39.797501,57957600,40.354065,40.630001
2010-05-05,3.6125,3.7175,3.58,133084000,3.32522,3.625
2003-02-18,1.041667,1.080833,1.029167,174051600,0.973105,1.060833
2013-06-25,3.5675,3.575,3.5175,45736000,3.318957,3.555
2015-07-13,4.9875,4.9975,4.9375,21247200,4.813115,4.97
2018-02-02,59.25,59.4925,57.7925,71846400,57.762642,58.380001
2016-03-18,8.3025,8.5625,8.25,54551200,8.281401,8.4525
2015-03-18,5.8125,5.8425,5.665,41384400,5.511508,5.7175
2015-01-14,4.8625,4.95,4.85,15526000,4.738951,4.935
2011-02-01,6.0325,6.1625,5.9925,65410400,5.611597,6.1175
2018-09-17,68.849998,69.345001,68.287498,20552800,67.879448,68.482498
2019-02-06,37.822498,38.900002,37.767502,70246400,37.951115,38.25
2010-04-14,4.51,4.5325,4.4,90072000,4.10034,4.47
2004-09-08,1.049167,1.058333,1.024167,83498400,0.941764,1.026667
2017-02-27,25.549999,26.254999,25.389999,71540000,25.758711,26.102501
2018-07-17,61.552502,63.575001,61.294998,36213600,62.829647,63.422501
2014-09-11,4.8675,4.885,4.8,25072000,4.640093,4.8525
2003-02-20,1.075,1.103333,1.066667,97813200,0.982277,1.070833
2017-06-06,36.955002,37.422501,36.700001,75872800,36.388138,36.834999
2022-02-24,210.149994,238.0,208.899994,73580100,237.1418,237.479996
2008-01-11,6.905,7.05,6.7125,57261200,6.203257,6.7625
2007-04-27,5.568333,5.63,5.423333,55405800,5.055863,5.511667
2008-10-15,1.955,1.965,1.755,85406400,1.609866,1.755
2014-09-22,4.8675,4.8675,4.7175,22146400,4.515782,4.7225
2015-02-02,4.83,4.925,4.735,25960400,4.710142,4.905
2000-08-15,2.723958,3.020833,2.716146,44332800,2.72145,2.966797
2010-07-28,2.5725,2.6175,2.525,132080800,2.323067,2.5325
2019-03-05,39.037498,39.514999,38.490002,36292400,38.86425,39.130001
2009-04-16,2.9,2.955,2.79,103877200,2.678522,2.92
2008-09-26,2.7975,2.9425,2.745,64685200,2.680815,2.9225
2022-07-07,154.559998,159.449997,153.889999,49290300,158.414642,158.580002
2013-12-12,3.84,3.86,3.77,25872400,3.563661,3.7775
2009-02-25,1.9725,2.06,1.905,70236000,1.834604,2.0
2020-11-19,132.127502,134.875,131.0,56593600,134.054367,134.402496
2003-07-23,1.7725,1.808333,1.719167,60532800,1.648851,1.7975
2009-07-23,3.0725,3.26,3.04,104612000,2.981231,3.25
2023-12-15,481.940002,494.040009,481.200012,47947800,488.877075,488.899994
2006-04-12,4.91,5.101667,4.883333,59830800,4.65531,5.075
2014-06-30,4.5775,4.6475,4.5775,18051200,4.412594,4.635
2012-02-08,3.935,4.155,3.915,84761200,3.7403,4.0775
2011-06-14,4.2875,4.38,4.2675,53457600,3.930641,4.285
2004-08-12,0.8625,0.865,0.838333,65438400,0.770534,0.84
2002-10-29,0.931667,0.938333,0.8425,77272800,0.815635,0.889167
2018-08-01,61.532501,62.09,60.9725,28355600,61.041527,61.6175
2010-11-26,3.44,3.46,3.4,14310400,3.118827,3.4
2022-04-18,212.0,220.880005,210.789993,52570100,217.556839,217.830002
2000-11-10,2.679688,2.8125,2.385417,80524800,2.247869,2.450521
2019-11-20,51.767502,53.637501,51.639999,47258800,52.548256,52.794998
2010-06-17,3.045,3.0625,2.94,85906800,2.802358,3.055
2009-05-07,2.955,2.955,2.645,128919600,2.460663,2.6825
2009-06-26,2.8425,2.9025,2.8175,51395600,2.653296,2.8925
2015-12-29,8.29,8.445,8.2675,20366000,8.219612,8.42
2010-04-09,4.21,4.2625,4.1875,81757200,3.896242,4.2475
2010-11-02,3.0225,3.1225,3.005,58103600,2.818411,3.0725
2016-10-26,17.817499,18.237499,17.799999,33379200,17.753376,18.040001
2010-11-23,3.4,3.435,3.335,45783200,3.082136,3.36
2003-09-24,1.569167,1.583333,1.479167,160066800,1.359136,1.481667
2011-09-01,3.3725,3.445,3.3175,76231200,3.045444,3.32
2014-05-09,4.485,4.5275,4.4275,53953200,4.276276,4.5125
2009-12-11,3.885,3.89,3.7925,41674400,3.488041,3.8025
2022-05-16,175.089996,177.880005,171.059998,52144600,172.423508,172.639999
2008-07-31,2.8625,2.9225,2.83,48723600,2.623485,2.86
2020-08-13,115.459999,117.217499,113.557503,37446000,114.099449,114.43
2017-03-23,26.9375,27.139999,26.674999,53394000,26.419884,26.772499
2020-07-16,100.150002,102.067497,98.955002,34496400,101.054771,101.347504
2007-03-01,5.055,5.198333,4.988333,83722800,4.681298,5.103333
2003-05-28,1.8875,1.908333,1.841667,123555600,1.732172,1.888333
2009-12-09,3.8675,3.9525,3.83,67158800,3.598118,3.9225
2016-06-23,11.92,12.135,11.9125,29788000,11.907955,12.1225
2007-10-24,9.625,9.625,9.0375,56550000,8.718957,9.505
2015-03-05,5.6075,5.725,5.5925,32305600,5.509097,5.715
2002-12-11,1.165833,1.2,1.126667,136420800,1.07095,1.1675
2003-09-29,1.334167,1.381667,1.308333,194499600,1.219248,1.329167
2007-12-05,8.2975,8.5625,8.195,66670400,7.712218,8.4075
2020-09-22,125.75,126.480003,121.555,64645200,126.050171,126.377502
2007-03-27,5.046667,5.056667,4.958333,46902000,4.552876,4.963333
2011-08-09,3.04,3.2375,3.0,132983200,2.96518,3.2325
2012-08-23,3.6525,3.655,3.5625,37904000,3.281648,3.5775
2019-08-16,39.837502,40.384998,39.220001,100796000,39.664318,39.889999
2001-04-19,3.2375,3.55125,3.222917,163226400,3.206735,3.495833
2022-03-04,233.839996,236.800003,224.820007,43141500,229.072357,229.360001
2024-02-01,621.0,631.909973,616.5,36914600,630.240479,630.27002
2017-08-16,41.897499,42.134998,40.959999,59663200,40.786617,41.287498
2022-12-07,157.720001,161.860001,156.669998,37238800,161.120941,161.199997
2012-10-16,3.225,3.3,3.195,36769600,3.017924,3.29
2010-08-02,2.3375,2.3475,2.285,91702000,2.105208,2.295
2007-11-15,7.99,8.065,7.75,49643600,7.278792,7.935
2012-09-25,3.46,3.475,3.3475,48154400,3.075256,3.3525
2017-09-27,43.904999,44.067501,43.1875,71372000,43.437737,43.932499
2017-03-16,25.745001,25.9575,25.602501,52310000,25.610687,25.952499
2019-09-25,43.127499,44.755001,42.677502,30843200,44.349258,44.557499
2002-03-20,4.233333,4.241667,3.8625,229258800,3.556075,3.876667
2001-06-18,3.950417,4.014583,3.760417,85665600,3.489188,3.80375
2016-11-18,23.0975,23.5825,22.950001,57606000,22.969172,23.34
2022-09-09,141.570007,144.740005,141.259995,48661200,143.762665,143.869995
2013-06-18,3.64,3.68,3.57,48677200,3.360969,3.6
2011-09-22,3.475,3.48,3.3125,131463200,3.098188,3.3775
2001-03-26,2.791667,2.958333,2.791667,154296000,2.699353,2.942708
2006-05-25,4.083333,4.143333,3.965,42366600,3.656979,3.986667
2016-06-21,11.94,11.9725,11.8,21250800,11.608351,11.8175
2011-10-24,3.635,3.8125,3.6275,53525600,3.44447,3.755
2019-10-10,45.154999,46.27,45.102501,30912400,45.543652,45.7575
2016-04-28,9.27,9.325,9.0275,38122400,8.866804,9.05
2005-06-15,2.228333,2.245833,2.1475,166978800,2.050934,2.235833
2005-04-26,1.883333,1.9225,1.835833,35314800,1.719177,1.874167
2007-11-28,7.94,8.3225,7.9025,57454800,7.533344,8.2125
2005-07-07,2.295833,2.333333,2.288333,46590000,2.124318,2.315833
2007-05-21,5.82,6.0,5.791667,64576800,5.370806,5.855
2012-08-31,3.5375,3.5625,3.4725,48506400,3.217438,3.5075
2019-10-21,48.240002,49.137501,48.049999,26186800,48.773479,49.002499
2018-12-27,32.747501,33.095001,31.295,63704400,32.536259,32.7925
2004-03-09,1.8,1.801667,1.7425,37123200,1.625918,1.7725
2006-07-19,3.116667,3.306667,3.093333,105555000,2.99652,3.266667
2006-02-13,3.646667,3.696667,3.621667,28074000,3.367264,3.670833
2018-07-09,62.5825,62.68,61.517502,30388000,61.730026,62.3125
2008-09-24,2.6775,2.8675,2.6625,86603600,2.579913,2.8125
2011-04-05,4.4525,4.4875,4.385,82107600,4.031543,4.395
2023-11-30,480.23999,481.100006,464.220001,52624700,467.636963,467.700012
2002-05-29,2.758333,2.920833,2.715833,131101200,2.668585,2.909167
2004-07-21,1.325,1.326667,1.221667,61341600,1.124459,1.225833
2001-12-26,5.543333,5.745,5.5425,64215600,5.183521,5.650833
2001-09-18,2.8875,2.908333,2.5975,89437200,2.441553,2.661667
2018-05-18,62.452499,63.092499,61.435001,48371600,60.872612,61.485001
2019-12-13,56.047501,57.244999,55.455002,45470400,55.77692,55.997501
2019-06-10,36.939999,37.797501,36.939999,40278000,36.897545,37.107498
2014-08-05,4.4,4.48,4.3625,29813600,4.203151,4.415
2007-10-23,9.9175,9.9175,9.57,29429200,9.023962,9.8375
2007-06-06,5.976667,6.16,5.951667,95073600,5.561908,6.063333
2018-08-13,63.785,65.25,63.767502,37520800,63.431469,64.029999
2016-06-30,11.6825,11.825,11.5875,43094000,11.544498,11.7525
2020-05-26,91.567497,91.817497,86.720001,77078000,86.88604,87.177498
2011-04-25,4.65,4.78,4.6475,61961200,4.313613,4.7025
2012-07-05,3.4275,3.4425,3.3625,28007600,3.132586,3.415
2018-04-06,54.307499,55.400002,53.267502,66298800,53.029022,53.5625
2004-06-25,1.688333,1.7075,1.668333,32912400,1.547947,1.6875
2009-06-22,2.805,2.805,2.6275,57486400,2.419385,2.6375
2022-07-06,150.100006,153.190002,147.889999,52906600,151.142212,151.300003
2019-12-20,59.532501,60.0975,59.34,60304400,59.60677,59.842499
2000-05-18,2.315104,2.352865,2.13151,50990400,1.968377,2.145833
2003-11-24,1.6625,1.75,1.650833,94064400,1.601457,1.745833
2020-05-27,86.25,86.327499,79.967499,117589200,84.967468,85.252502
2016-03-02,8.1425,8.265,8.1275,23381200,8.068301,8.235
2015-06-02,5.56,5.59,5.48,22430400,5.311858,5.485
2002-05-17,3.25,3.273333,3.169167,93440400,2.994228,3.264167
2013-12-30,3.9425,3.995,3.9375,24818000,3.766491,3.9925
2018-02-23,61.142502,61.482498,60.630001,41530000,60.870132,61.482498
2004-08-02,1.285833,1.306667,1.264167,42098400,1.194022,1.301667
2008-11-28,1.8725,1.9,1.8425,17524800,1.713061,1.8675
2018-08-06,62.897499,63.5425,62.427502,20750800,62.913849,63.5075
2004-02-25,1.875833,1.910833,1.855,65251200,1.719942,1.875
2003-08-27,1.499167,1.55,1.483333,56781600,1.407294,1.534167
2014-10-20,4.355,4.4325,4.325,20033600,4.20023,4.3925
2022-04-27,185.979996,191.669998,182.899994,49946000,183.919083,184.149994
2003-04-29,1.19,1.215833,1.180833,67034400,1.099998,1.199167
2003-10-22,1.44,1.473333,1.43,62095200,1.318622,1.4375
2005-05-12,1.858333,1.924167,1.856667,83558400,1.74211,1.899167
2020-11-17,135.524994,135.962494,133.037506,31202800,133.874832,134.222504
2003-11-14,1.791667,1.791667,1.675833,88842000,1.541831,1.680833
2007-10-02,9.42,9.4375,9.215,28496000,8.57907,9.3525
2017-06-07,37.0825,37.470001,36.924999,61261200,36.827736,37.279999
2001-10-18,3.475,3.655833,3.466667,102086400,3.322164,3.621667
2013-02-11,3.1175,3.16,3.0875,40830800,2.887371,3.1275
2022-12-01,169.990005,172.649994,166.350006,47097700,171.265976,171.350006
2011-01-12,5.08,5.8425,5.0625,343189600,5.354751,5.8375
2004-10-15,1.1525,1.154167,1.09,128048400,1.025849,1.118333
2010-10-27,2.94,3.02,2.9325,49679600,2.761079,3.01
2011-07-25,3.6925,3.7075,3.6375,56692000,3.384846,3.69
2012-05-24,3.1275,3.1325,3.005,52042000,2.777132,3.0275
2004-04-28,1.845833,1.874167,1.823333,46876800,1.685542,1.8375
2002-07-09,1.634167,1.655,1.515,107508000,1.421818,1.55
2013-12-27,3.9375,3.9475,3.915,21097600,3.716962,3.94
2013-12-11,3.8975,3.9025,3.845,41415600,3.634415,3.8525
2021-06-15,179.149994,180.162506,177.279999,24303200,177.578613,177.884995
2021-02-19,150.244995,151.770004,148.467499,27172400,148.922363,149.264999
2009-07-15,2.775,2.8425,2.75,102280800,2.556979,2.7875
2021-04-28,153.645004,155.322495,152.154999,20941600,152.469437,152.767502
2000-07-06,2.276042,2.494792,2.221354,60393600,2.212035,2.411458
2001-03-23,2.869792,2.921875,2.651042,150967200,2.560803,2.791667
2011-02-10,5.6925,5.8025,5.65,104235200,5.233209,5.705
2000-12-19,1.635417,1.78125,1.458333,94620000,1.366398,1.489583
2011-02-14,5.9375,6.125,5.755,128782800,5.299713,5.7775
2019-01-23,37.75,38.645,37.0075,59102000,37.030857,37.322498
2009-10-06,3.4875,3.5625,3.4625,76127200,3.212852,3.5025
2011-08-22,3.015,3.05,2.9525,61187600,2.738147,2.985
2017-12-05,45.599998,48.174999,45.145,98148800,46.438671,46.935001
2020-06-15,88.152496,91.822502,87.4375,40000400,91.472504,91.737503
2021-11-29,323.660004,334.119995,320.359985,45496400,333.243866,333.76001
2017-10-12,47.77,48.272499,47.482498,52829200,47.219658,47.7575
2017-02-02,28.325001,28.934999,28.014999,48324000,28.431673,28.8475
2019-09-05,43.217499,44.997501,43.200001,69567600,44.725002,44.935001
2021-10-21,220.970001,227.110001,220.830002,18759000,226.569092,226.919998
2019-08-05,38.450001,38.462502,37.224998,58915600,37.484215,37.697498
2005-08-15,2.504167,2.585,2.4725,88280400,2.34753,2.559167
2005-06-08,2.285,2.316667,2.239167,61872000,2.076161,2.263333
2018-06-25,61.662498,61.700001,58.884998,66581600,59.221199,59.779999
2014-08-18,4.78,4.83,4.7325,28407600,4.593476,4.825
2010-10-11,2.7275,2.75,2.69,44268000,2.47901,2.7025
2013-10-28,3.805,3.8225,3.75,39402400,3.567923,3.8025
2019-02-19,39.227501,39.9725,39.035,55189200,38.853992,39.16
2007-06-04,5.76,5.878333,5.736667,32200200,5.361631,5.845
2002-07-02,1.411667,1.416667,1.301667,136818000,1.227656,1.338333
2009-10-30,3.1225,3.135,2.975,60414400,2.742733,2.99
2007-03-09,5.208333,5.266667,5.026667,55530600,4.664483,5.085
2002-01-31,5.524167,5.566667,5.295833,97398000,5.025286,5.478333
2023-03-01,231.919998,232.559998,225.080002,46002600,226.868683,226.979996
2007-11-20,7.7075,7.72,7.2775,62262800,6.886647,7.5075
2014-01-16,4.0025,4.0225,3.985,22065200,3.787717,4.015
2009-09-11,4.1075,4.1225,4.05,71273200,3.742594,4.08
2014-12-18,5.0975,5.1575,5.0075,22615600,4.854185,5.055
2001-11-08,4.271667,4.328333,4.020833,191518800,3.802982,4.145833
2004-03-22,1.819167,1.8475,1.791667,57670800,1.68172,1.833333
2016-02-04,7.06,7.2125,6.9825,34814000,6.884657,7.0525
2023-06-05,389.089996,395.649994,387.070007,39609400,391.584412,391.709991
2010-11-01,3.025,3.0725,2.985,47392000,2.761079,3.01
2002-10-23,0.895833,0.930833,0.883333,92542800,0.842389,0.918333
2022-03-29,286.950012,289.459991,279.799988,48898400,286.200653,286.559998
2023-08-03,438.0,451.179993,438.0,32417600,445.053345,445.149994
2006-10-04,4.723333,5.181667,4.71,146038200,4.751626,5.18
2013-05-24,3.6375,3.6675,3.595,28330400,3.393644,3.635
2019-01-18,38.432499,39.494999,37.912498,65133600,38.92593,39.232498
2010-02-01,3.8625,4.15,3.83,94983200,3.799924,4.1425
2017-06-30,36.845001,36.982498,35.875,73106000,35.701572,36.139999
2006-03-28,4.425833,4.573333,4.416667,79520400,4.140855,4.514167
2007-01-25,5.53,5.55,5.261667,61628400,4.851,5.288333
2015-10-23,7.1625,7.195,7.055,38177600,6.951002,7.1475
2007-08-31,8.283333,8.558333,8.238333,72083400,7.82153,8.526667
2016-07-05,11.6,11.8575,11.5075,37108400,11.627997,11.8375
2016-09-23,16.275,16.3225,16.165001,27613200,15.979519,16.237499
2010-12-01,3.47,3.575,3.465,62653600,3.258716,3.5525
2004-07-20,1.278333,1.31,1.265833,34154400,1.197079,1.305
2012-12-10,2.99,3.1125,2.9825,51364400,2.85275,3.09
2001-09-10,3.223333,3.272917,3.09125,187236000,2.895617,3.156667
2012-03-09,3.725,3.7525,3.685,36783600,3.398604,3.705
2012-08-07,3.545,3.575,3.5175,40734000,3.244956,3.5375
2019-05-21,38.549999,38.924999,38.16,36184800,38.501732,38.764999
2003-07-31,1.608333,1.631667,1.574167,89760000,1.459275,1.590833
2017-04-03,27.237499,27.4125,26.855,44523200,26.738132,27.094999
2002-11-15,1.1,1.159167,1.0875,205432800,1.029671,1.1225
2014-12-08,5.26,5.3125,5.1575,22694400,4.993425,5.2
2006-09-11,4.513333,4.741667,4.461667,59826600,4.300618,4.688333
2003-10-23,1.416667,1.458333,1.414167,45152400,1.312506,1.430833
2007-10-08,9.2975,9.3975,9.1875,25248400,8.606588,9.3825
2009-02-26,2.07,2.135,2.04,111755600,1.894229,2.065
2021-08-12,198.699997,200.289993,196.199997,15165200,198.707169,199.050003
2021-11-11,304.679993,305.899994,297.769989,33217200,303.430054,303.899994
2012-02-13,4.075,4.09,3.955,61066800,3.703607,4.0375
2004-01-15,2.005833,2.040833,1.97,60920400,1.856773,2.024167
2005-10-19,2.616667,2.6325,2.5425,63595200,2.410975,2.628333
2021-04-14,156.25,157.205002,152.274994,38550000,152.471924,152.770004
2012-04-17,3.5075,3.55,3.4925,46069600,3.215145,3.505
2018-07-20,62.982498,63.375,62.612499,22235200,62.136192,62.7225
2006-05-22,4.033333,4.041667,3.89,73488600,3.669209,4.0
2016-08-10,14.8525,14.875,14.58,37574000,14.368617,14.6275
2015-04-14,5.615,5.6375,5.535,22027600,5.3886,5.59
2019-11-06,52.16,52.4175,51.0275,26901200,51.664913,51.907501
2015-02-25,5.555,5.58,5.51,12382000,5.335582,5.535
2013-04-12,3.2075,3.3075,3.18,77054800,3.039774,3.2725
2003-10-06,1.400833,1.415,1.375833,37702800,1.272756,1.3875
2004-07-13,1.3925,1.416667,1.358333,56710800,1.259761,1.373333
2021-05-13,140.337494,140.807495,134.589996,28540400,136.385864,136.652496
2017-04-17,24.002501,24.809999,23.950001,49729200,24.480772,24.807501
2012-04-25,3.2525,3.295,3.1925,72711200,2.999579,3.27
2010-11-08,3.15,3.1925,3.125,60515600,2.903261,3.165
2019-07-30,43.237499,43.985001,43.092499,19777200,43.614334,43.862499
2016-05-06,8.7275,8.855,8.71,18324000,8.653712,8.8325
2017-10-18,49.5275,49.535,48.330002,56731600,48.838722,49.395
2019-06-04,34.09,35.802502,33.8675,64183600,35.547733,35.75
2018-05-24,61.8475,62.349998,61.310001,43737200,61.34367,61.922501
2004-05-03,1.728333,1.745833,1.658333,61066800,1.548712,1.688333
2007-07-27,7.375,7.715,7.371667,61548000,6.765103,7.375
2002-11-22,1.263333,1.336667,1.25,125190000,1.201666,1.31
2004-03-19,1.859167,1.878333,1.836667,45296400,1.694716,1.8475
2014-07-08,4.6625,4.6825,4.5925,22194000,4.414973,4.6375
2015-04-20,5.575,5.61,5.5125,23162400,5.323533,5.5225
2017-02-23,26.375,26.5975,24.92,159288800,24.791615,25.122499
2008-01-25,6.715,6.865,6.2075,68801200,5.721672,6.2375
2010-08-23,2.5,2.5625,2.4475,74862000,2.251977,2.455
2011-05-25,4.5125,4.62,4.4675,54531200,4.210416,4.59
2007-12-31,8.6275,8.785,8.5025,27623600,7.801654,8.505
2022-04-11,222.139999,223.199997,216.600006,57520700,218.895157,219.169998
2012-08-30,3.5725,3.585,3.495,30748800,3.222023,3.5125
2002-04-29,2.83,2.995,2.735,393085200,2.708334,2.9525
2000-07-19,2.875,2.895833,2.731771,18950400,2.560803,2.791667
2019-08-09,39.1525,39.1875,38.037498,34181600,38.32692,38.544998
2012-11-21,2.8725,2.9625,2.87,42231200,2.728117,2.955
2015-10-06,6.2875,6.465,6.2625,45321600,6.260521,6.4375
2007-09-25,8.79,8.9925,8.765,36074800,8.21444,8.955
2013-03-22,3.115,3.1325,3.1025,23247600,2.898119,3.12
2000-07-28,2.208333,2.414063,2.083333,51266400,2.06393,2.25
2007-10-22,9.2875,9.81,9.2125,53765600,8.980388,9.79
2020-10-26,134.270004,136.927505,130.384995,33689600,131.072144,131.412506
2001-03-02,1.864583,1.997396,1.791667,141350400,1.665596,1.815755
2005-12-30,3.088333,3.089167,3.034167,22960800,2.794714,3.046667
2020-10-15,138.107498,140.057495,137.677505,26722400,139.33812,139.699997
2020-01-10,61.8325,62.137501,60.9375,31629600,60.839397,61.080002
2003-02-06,0.903333,0.905,0.8375,122618400,0.781236,0.851667
2006-03-08,4.019167,4.04,3.855,67080000,3.66768,3.998333
2001-06-08,4.12625,4.1325,3.988333,71268000,3.697875,4.03125
2008-03-11,4.75,4.8075,4.56,85794000,4.366359,4.76
2017-06-02,36.060001,36.325001,35.849998,48745600,35.474365,35.91
2009-01-15,1.8375,1.9225,1.8,99820400,1.735995,1.8925
2002-05-22,3.071667,3.189167,3.066667,154798800,2.908612,3.170833
2019-02-11,36.5975,37.145,36.125,49518000,36.326408,36.612499
2022-06-02,182.919998,196.190002,181.979996,64865600,195.674316,195.919998
2011-02-08,6.1575,6.1975,5.94,107658400,5.474002,5.9675
2015-04-13,5.6775,5.71,5.6125,23672400,5.434389,5.6375
2023-09-21,415.829987,421.0,409.799988,44893000,410.114716,410.170013
2023-08-28,464.820007,469.799988,448.880005,68519200,468.248291,468.350006
2020-02-18,71.410004,74.327499,71.214996,62016400,73.850471,74.142502
2001-09-06,3.287917,3.391667,3.202083,195076800,2.951037,3.217083
2004-11-04,1.27,1.3,1.243333,99554400,1.177969,1.284167
2009-08-20,3.28,3.44,3.2725,81984000,3.141759,3.425
2014-05-02,4.665,4.665,4.58,15637600,4.366302,4.6075
2017-07-03,36.262501,36.412498,34.645,70907200,34.409927,34.8325
2011-05-10,4.9775,4.9825,4.895,69097600,4.536058,4.945
2008-02-11,6.3,6.4025,6.225,50373200,5.749192,6.2675
2006-11-09,5.885,6.033333,5.831667,120775800,5.395266,5.881667
2009-07-08,2.5375,2.545,2.4275,120586000,2.318481,2.5275
2004-05-14,1.8,1.831667,1.783333,45900000,1.644264,1.7925
2024-03-18,903.880005,924.049988,870.849976,66897600,884.549988,884.549988
2002-04-18,3.323333,3.359167,3.229167,69315600,3.028626,3.301667
2009-08-31,3.64,3.6575,3.5825,43179600,3.329807,3.63
2018-05-02,56.75,57.200001,56.3125,26824800,56.013981,56.577499
2016-06-27,11.3375,11.425,11.1425,44908800,11.109834,11.31
2010-10-19,2.7775,2.8425,2.755,86613600,2.589085,2.8225
2010-09-10,2.5625,2.57,2.495,60929200,2.309309,2.5175
2019-05-03,45.8825,45.982498,45.1325,33682400,45.441769,45.752499
2007-11-16,8.0,8.135,7.935,42359200,7.441616,8.1125
2004-06-18,1.653333,1.6925,1.625,53433600,1.510491,1.646667
2011-06-01,4.9875,4.995,4.775,76220800,4.389289,4.785
2003-12-23,1.751667,1.8475,1.750833,72276000,1.678663,1.83
2014-03-12,4.545,4.6075,4.5275,23942800,4.340241,4.58
2018-08-29,68.480003,69.875,68.269997,42010800,69.009422,69.622498
2000-09-13,2.911458,2.966146,2.848958,23997600,2.676659,2.917969
2009-09-22,3.815,3.8375,3.765,36138800,3.481162,3.795
2002-10-17,0.783333,0.8125,0.764167,58579200,0.711673,0.775833
2016-10-13,16.4125,16.450001,15.925,39011600,16.077927,16.3375
2003-12-24,1.829167,1.835,1.811667,21085200,1.666432,1.816667
2017-05-05,25.844999,26.0375,25.6875,22842800,25.623016,25.965
2017-08-18,40.9175,41.09,39.91,60120400,39.885189,40.375
2015-03-02,5.5,5.68,5.4925,30151200,5.446439,5.65
2015-12-30,8.4125,8.485,8.345,18034400,8.14884,8.3475
2017-06-26,38.790001,39.150002,37.0825,106396000,37.576046,38.037498
2002-05-24,2.920833,2.935833,2.851667,73778400,2.677757,2.919167
2005-12-27,3.125,3.181667,3.115,36796800,2.887208,3.1475
2009-03-26,2.525,2.645,2.4975,133366400,2.421679,2.64
2004-11-09,1.463333,1.498333,1.4625,61593600,1.354549,1.476667
2002-07-25,1.363333,1.3675,1.209167,179644800,1.151214,1.255
2013-09-05,3.71,3.75,3.7075,17490400,3.504587,3.735
2010-04-30,4.1125,4.12,3.925,106804800,3.602705,3.9275
2002-08-05,0.7675,0.769167,0.7075,133071600,0.6574,0.716667
2013-12-19,3.825,3.85,3.8,25854400,3.627341,3.845
2009-07-30,3.25,3.2925,3.1925,46844400,2.953714,3.22
2012-01-04,3.5125,3.565,3.48,34737200,3.256423,3.55
2022-05-13,167.880005,179.279999,165.929993,67043700,176.837952,177.059998
2015-06-12,5.39,5.4225,5.265,32372800,5.110909,5.2775
2021-05-06,144.952499,145.712494,142.179993,19338000,144.94664,145.229996
2011-08-03,3.6125,3.715,3.5775,76523600,3.396312,3.7025
2024-02-07,683.190002,702.200012,676.0,49557500,700.957092,700.98999
2022-03-23,261.26001,266.119995,255.75,50212000,256.018555,256.339996
2024-01-23,595.700012,599.099976,585.849976,29465400,598.701904,598.72998
2010-12-14,3.7125,3.78,3.6425,75516000,3.345859,3.6475
2021-10-15,218.100006,219.309998,216.619995,22699400,218.281921,218.619995
2012-12-27,3.065,3.07,3.005,29980400,2.80659,3.04
2001-04-05,2.559896,2.664063,2.489583,172476000,2.40553,2.622396
2001-11-02,3.859167,3.978333,3.716667,108724800,3.605762,3.930833
2006-10-19,5.24,5.4,5.198333,47304000,4.91674,5.36
2007-05-07,5.7,5.763333,5.5,55710000,5.051277,5.506667
2022-08-18,183.009995,188.649994,181.830002,41544700,187.53421,187.729996
2008-02-07,5.9025,6.31,5.775,66412800,5.629942,6.1375
2021-07-27,192.649994,196.220001,187.410004,24886300,191.749146,192.080002
2001-08-27,3.47375,3.723333,3.460417,127960800,3.372232,3.67625
2000-04-11,1.812174,1.979167,1.666667,45758400,1.680526,1.832031
2016-08-26,15.4225,15.595,15.3,30002400,15.261117,15.5075
2012-04-12,3.59,3.69,3.575,38486800,3.366499,3.67
2018-08-22,63.0,65.754997,62.965,74985600,65.090805,65.705002
2004-01-05,1.9525,1.999167,1.935,57529200,1.821609,1.985833
2002-06-19,2.241667,2.241667,1.97,259362000,1.823138,1.9875
2003-03-07,1.009167,1.044167,1.0,58114800,0.954758,1.040833
2004-12-14,1.890833,1.929167,1.8875,51298800,1.7681,1.9275
2013-07-10,3.56,3.6175,3.55,20846800,3.367972,3.6075
2016-08-15,15.7775,15.875,15.5325,57330400,15.46634,15.745
2016-04-21,9.115,9.1575,9.0625,17828000,8.918242,9.1025
2023-07-10,426.570007,428.109985,416.48999,35390800,421.708405,421.799988
2001-01-18,1.869792,2.28125,1.828125,94816800,2.044223,2.228516
2018-02-22,60.682499,61.407501,59.875,53436400,59.934555,60.537498
2005-11-01,2.795833,2.816667,2.74,40048800,2.533283,2.761667
2013-04-24,3.24,3.3675,3.2375,55655600,3.102474,3.34
2020-01-09,60.962502,61.482498,60.215,25511200,60.515682,60.755001
2001-09-27,2.3075,2.333333,2.125833,90729600,2.006598,2.1875
2015-09-21,5.83,5.895,5.8,28184000,5.720779,5.8825
2014-03-17,4.4675,4.5,4.45,29965600,4.221786,4.455
2003-05-23,1.75,1.783333,1.731667,86761200,1.595342,1.739167
2009-11-09,3.335,3.4125,3.3325,81812400,3.086723,3.365
2006-02-21,3.9475,3.954167,3.8375,68406000,3.551488,3.871667
2022-11-16,161.619995,163.619995,158.729996,64954700,158.981308,159.100006
2022-04-06,249.339996,253.0,240.029999,70383300,243.763931,244.070007
2006-09-18,4.94,5.121667,4.925,79389600,4.690471,5.113333
2012-05-30,3.145,3.1675,3.0875,37979200,2.882621,3.1425
2005-02-03,2.0325,2.046667,2.004167,69012000,1.864417,2.0325
2020-06-04,87.279999,89.432503,86.775002,42428000,87.411789,87.665001
2006-05-17,4.32,4.345,4.083333,84107400,3.815977,4.16
2006-05-09,5.183333,5.21,5.025,56164800,4.615561,5.031667
2005-07-12,2.378333,2.385,2.318333,56425200,2.170949,2.366667
2023-10-30,410.869995,417.660004,404.809998,38802800,411.554474,411.609985
2016-08-05,14.4725,14.5575,14.4025,37158800,14.292489,14.55
2011-09-12,3.4225,3.5825,3.4225,91648000,3.258716,3.5525
2008-04-18,4.7875,4.83,4.69,57354000,4.361773,4.755
2008-07-09,3.015,3.06,2.955,141316800,2.710628,2.955
2003-06-10,2.120833,2.153333,2.0975,56330400,1.973729,2.151667
2007-03-02,5.058333,5.12,4.951667,68272800,4.551346,4.961667
2006-01-12,3.625,3.680833,3.548333,49550400,3.278591,3.574167
2001-03-28,2.757813,2.911458,2.75,143328000,2.603203,2.837891
2003-10-02,1.333333,1.381667,1.329167,85762800,1.249824,1.3625
2000-05-11,1.666667,1.74349,1.644531,24590400,1.571836,1.713542
2015-01-15,4.97,5.0,4.8975,18893200,4.705343,4.9
2022-01-13,283.790009,284.799988,264.980011,54017100,265.371582,265.75
2021-06-08,175.272507,176.214996,172.509995,32384800,174.229401,174.570007
2020-08-20,119.75,123.75,118.787498,92138800,121.059303,121.410004
2008-11-03,2.2375,2.2775,2.075,72392400,1.935508,2.11
2003-02-21,1.07,1.074167,1.033333,91326000,0.983042,1.071667
2005-06-24,2.3275,2.328333,2.245,47563200,2.07081,2.2575
2010-11-15,3.33,3.3775,3.2675,73354800,3.004164,3.275
2012-04-18,3.4825,3.5,3.425,40076400,3.180746,3.4675
2015-04-30,5.5075,5.5775,5.495,21884400,5.350042,5.55
2002-01-24,5.333333,5.525,5.220833,113768400,5.017641,5.47
2019-07-24,44.349998,44.7225,43.584999,36623600,44.412292,44.665001
2006-05-23,4.083333,4.178333,3.94,53231400,3.62946,3.956667
2006-05-12,4.631667,4.655,4.29,156817200,4.025427,4.388333
2004-02-23,2.008333,2.011667,1.915,85333200,1.781095,1.941667
2000-05-16,1.854167,2.014323,1.833333,36643200,1.796383,1.958333
2008-06-24,4.81,5.1125,4.81,107892800,4.584217,4.9975
2018-01-02,48.945,49.875,48.625,35561600,49.310486,49.837502
2001-08-31,3.477083,3.561667,3.43125,88790400,3.237694,3.529583
2021-03-12,126.482498,128.887497,125.900002,24396400,128.309128,128.559998
2003-09-09,1.583333,1.789167,1.561667,248943600,1.585404,1.728333
2003-12-15,1.7875,1.79,1.696667,62275200,1.560943,1.701667
2003-07-08,2.03,2.091667,2.025,60285600,1.893465,2.064167
2018-11-09,50.599998,52.330002,50.259998,41324000,50.964725,51.4175
2008-10-06,2.15,2.155,1.8275,167744000,1.800205,1.9625
2009-02-19,2.05,2.0675,1.855,74398800,1.701596,1.855
2002-12-04,1.23,1.25,1.160833,220654800,1.068657,1.165
2000-12-04,1.865885,1.927083,1.739583,47426400,1.727108,1.882813
2024-02-22,750.25,785.75,742.200012,86510000,785.34314,785.380005
2018-12-19,36.395,36.935001,34.107498,74536400,34.356915,34.627499
2017-03-14,25.592501,25.6875,25.1175,52201600,25.109865,25.445
2018-09-04,70.037498,71.305,69.75,39172000,70.300446,70.925003
